"estimate","statistic","p.value","method","alternative","GeriatricAssessment","gene","padj"
0.155545142132821,1123.12496096335,0.512575530737303,"Spearman's rank correlation rho","two.sided","carg_score","ADORA2A",0.989178594468286
0.0827044902072075,1220.00302802441,0.728858070982505,"Spearman's rank correlation rho","two.sided","carg_score","AHR",0.989178594468286
-0.124436113706257,1495.50003122932,0.601181690984632,"Spearman's rank correlation rho","two.sided","carg_score","B3GAT1",0.989178594468286
-0.110019734679313,1476.32624712349,0.644261877287808,"Spearman's rank correlation rho","two.sided","carg_score","BCL6",0.989178594468286
0.296673905238699,935.423706032531,0.204025303347957,"Spearman's rank correlation rho","two.sided","carg_score","BTLA",0.978059443884534
0.0478016778261842,1266.42376849117,0.841383261474522,"Spearman's rank correlation rho","two.sided","carg_score","C10orf54",0.989178594468286
0.0751169222982894,1230.09449334328,0.752953392379085,"Spearman's rank correlation rho","two.sided","carg_score","CCR4",0.989178594468286
0.223833253313085,1032.3017730936,0.342788241166835,"Spearman's rank correlation rho","two.sided","carg_score","CCR6",0.989178594468286
0.127471140869824,1160.46338264313,0.592266146833111,"Spearman's rank correlation rho","two.sided","carg_score","CD127",0.989178594468286
-0.0819457334163157,1438.9878254437,0.731257028940843,"Spearman's rank correlation rho","two.sided","carg_score","CD160",0.989178594468286
0.237490875549137,1014.13713551965,0.313346861533687,"Spearman's rank correlation rho","two.sided","carg_score","CD200R1",0.989178594468286
-0.024280217308538,1362.29268902036,0.919068484823337,"Spearman's rank correlation rho","two.sided","carg_score","CD244",0.989178594468286
0.197276765631871,1067.62190170961,0.404461157728747,"Spearman's rank correlation rho","two.sided","carg_score","CD27",0.989178594468286
0.334611744783289,884.966379438225,0.149293420567572,"Spearman's rank correlation rho","two.sided","carg_score","CD274",0.956834850681366
0.318677852174561,906.158456607834,0.170866678640024,"Spearman's rank correlation rho","two.sided","carg_score","CD276",0.956834850681366
0.110778491470205,1182.66460634463,0.6419654933702,"Spearman's rank correlation rho","two.sided","carg_score","CD28",0.989178594468286
0.433250127599225,753.777330293031,0.0563595932592244,"Spearman's rank correlation rho","two.sided","carg_score","CD3D",0.956834850681366
0.32247163612902,901.112723948403,0.165547307088618,"Spearman's rank correlation rho","two.sided","carg_score","CD3E",0.956834850681366
0.327782933665263,894.0486982252,0.158293101144161,"Spearman's rank correlation rho","two.sided","carg_score","CD4",0.956834850681366
0.57362013391421,567.085221894101,0.00818402692380912,"Spearman's rank correlation rho","two.sided","carg_score","CD80",0.95139312989281
-0.0227627037267544,1360.27439595658,0.924112271515831,"Spearman's rank correlation rho","two.sided","carg_score","CD86",0.989178594468286
-0.0462841642444005,1391.55793844505,0.846360426955256,"Spearman's rank correlation rho","two.sided","carg_score","CD8A",0.989178594468286
-0.0462841642444005,1391.55793844505,0.846360426955256,"Spearman's rank correlation rho","two.sided","carg_score","CD96",0.989178594468286
-0.0546304889442105,1402.6585502958,0.819060182919923,"Spearman's rank correlation rho","two.sided","carg_score","CDKN1B",0.989178594468286
0.393036017681959,807.262096482995,0.0864711081098437,"Spearman's rank correlation rho","two.sided","carg_score","CDKN2A..ARF.",0.956834850681366
0.0743581655073976,1231.10363987516,0.755375474480866,"Spearman's rank correlation rho","two.sided","carg_score","CDKN2A..p16.",0.989178594468286
0.360409475673611,850.655397354098,0.118519962362987,"Spearman's rank correlation rho","two.sided","carg_score","CEACAM1",0.956834850681366
0.0629768136440204,1246.24083785345,0.791958961133679,"Spearman's rank correlation rho","two.sided","carg_score","CTLA4",0.989178594468286
0.182860386604927,1086.79568581545,0.440315020654295,"Spearman's rank correlation rho","two.sided","carg_score","CXCR3",0.989178594468286
-0.462841642444005,1945.57938445053,0.0398781920000942,"Spearman's rank correlation rho","two.sided","carg_score","EGR1",0.956834850681366
-0.143405033478552,1520.72869452647,0.546400175741075,"Spearman's rank correlation rho","two.sided","carg_score","EOMES",0.989178594468286
0.0971208692341519,1200.82924391858,0.683761020398659,"Spearman's rank correlation rho","two.sided","carg_score","FOXO1",0.989178594468286
0.101673409979503,1194.77436472726,0.669723203849463,"Spearman's rank correlation rho","two.sided","carg_score","FOXP3",0.989178594468286
0.344475583064883,871.847474523706,0.136933160455355,"Spearman's rank correlation rho","two.sided","carg_score","GATA3",0.956834850681366
-0.0303502716356725,1370.36586127544,0.898924921942076,"Spearman's rank correlation rho","two.sided","carg_score","GRAIL",0.989178594468286
-0.357374448510044,1805.30801651836,0.121882309960145,"Spearman's rank correlation rho","two.sided","carg_score","GZMB",0.956834850681366
-0.21776319898595,1619.62505465131,0.356374113352815,"Spearman's rank correlation rho","two.sided","carg_score","HAVCR2",0.989178594468286
-0.0986383828159356,1461.18904914519,0.679070367703145,"Spearman's rank correlation rho","two.sided","carg_score","IFNG",0.989178594468286
0.148392749857591,1132.6376426894,0.532382085628541,"Spearman's rank correlation rho","two.sided","carg_score","IL.10",0.989178594468286
0.150992601387471,1129.17984015466,0.525141791612831,"Spearman's rank correlation rho","two.sided","carg_score","IL.17A",0.989178594468286
0.180584116232251,1089.82312541111,0.446123999729569,"Spearman's rank correlation rho","two.sided","carg_score","IL.2",0.989178594468286
0.0591830296895614,1251.28657051288,0.804251170633376,"Spearman's rank correlation rho","two.sided","carg_score","IL.21",0.989178594468286
-0.277704985466403,1699.34763067032,0.235834463294786,"Spearman's rank correlation rho","two.sided","carg_score","IL.4",0.989178594468286
0.384689692982149,818.362708333742,0.0939780432706918,"Spearman's rank correlation rho","two.sided","carg_score","IL2RA",0.956834850681366
0.444631479462602,738.64013231474,0.0495005581560474,"Spearman's rank correlation rho","two.sided","carg_score","IL6",0.956834850681366
-0.345234339855775,1789.16167200818,0.136013233076376,"Spearman's rank correlation rho","two.sided","carg_score","ITCH",0.956834850681366
-0.164650223623523,1548.98479741929,0.48788090076897,"Spearman's rank correlation rho","two.sided","carg_score","KIR.Activating.Subgroup.1",0.989178594468286
-0.160097682878172,1542.92991822797,0.500154329321103,"Spearman's rank correlation rho","two.sided","carg_score","KIR_Activating_Subgroup_2",0.989178594468286
-0.108502221097529,1474.30795405971,0.648863947879477,"Spearman's rank correlation rho","two.sided","carg_score","KIR_Inhibiting_Subgroup_1",0.989178594468286
-0.109260977888421,1475.3171005916,0.646561368053297,"Spearman's rank correlation rho","two.sided","carg_score","KIR_Inhibiting_Subgroup_2",0.989178594468286
-0.22610952368576,1630.72566650206,0.337772669651436,"Spearman's rank correlation rho","two.sided","carg_score","KLRG1",0.989178594468286
0.0546304889442105,1257.3414497042,0.819060182919923,"Spearman's rank correlation rho","two.sided","carg_score","LAG3",0.989178594468286
-0.170720277950658,1557.05796967438,0.47175066676955,"Spearman's rank correlation rho","two.sided","carg_score","NECTIN2",0.989178594468286
0.00379378395445906,1324.95426734057,0.987335050435018,"Spearman's rank correlation rho","two.sided","carg_score","PDCD1",0.995225804436475
-0.286051310166213,1710.44824252106,0.221466127433604,"Spearman's rank correlation rho","two.sided","carg_score","PDCD1LG2",0.989178594468286
-0.0288327580538889,1368.34756821167,0.903955707271708,"Spearman's rank correlation rho","two.sided","carg_score","PRDM1",0.989178594468286
-0.0789107062527485,1434.95123931616,0.74087669761596,"Spearman's rank correlation rho","two.sided","carg_score","PTPRC_1",0.989178594468286
-0.0182101629814035,1354.21951676527,0.939259631229035,"Spearman's rank correlation rho","two.sided","carg_score","PTPRC_2",0.989178594468286
-0.186654170559386,1578.25004684398,0.4307221524526,"Spearman's rank correlation rho","two.sided","carg_score","PTPRC_3",0.989178594468286
-0.0834632469980993,1441.00611850747,0.726461537039558,"Spearman's rank correlation rho","two.sided","carg_score","PVR",0.989178594468286
-0.0690468679711549,1421.83233440164,0.772390474027429,"Spearman's rank correlation rho","two.sided","carg_score","PVRIG",0.989178594468286
-0.064494327225804,1415.77745521032,0.787055111546035,"Spearman's rank correlation rho","two.sided","carg_score","RORA",0.989178594468286
0.257218552112324,987.899325690609,0.27360433236435,"Spearman's rank correlation rho","two.sided","carg_score","RORC",0.989178594468286
-0.0174514061905117,1353.21037023338,0.94178628166567,"Spearman's rank correlation rho","two.sided","carg_score","RUNX3",0.989178594468286
-0.471946723934707,1957.68914283316,0.0356462235490178,"Spearman's rank correlation rho","two.sided","carg_score","SPI1",0.956834850681366
0.222315739731301,1034.32006615737,0.346155978748727,"Spearman's rank correlation rho","two.sided","carg_score","SPN",0.989178594468286
-0.169961521159766,1556.04882314249,0.4737521250358,"Spearman's rank correlation rho","two.sided","carg_score","TBX21",0.989178594468286
0.149475087805687,1131.19813321844,0.529362294870616,"Spearman's rank correlation rho","two.sided","carg_score","TGFB1",0.989178594468286
0.108502221097529,1185.69204594029,0.648863947879476,"Spearman's rank correlation rho","two.sided","carg_score","TIGIT",0.989178594468286
0.373308341118772,833.499906312034,0.104969376588902,"Spearman's rank correlation rho","two.sided","carg_score","TNF",0.956834850681366
0.282743219038121,953.951518679299,0.227090793111088,"Spearman's rank correlation rho","two.sided","carg_score","TNFRSF14",0.989178594468286
-0.0106225950724854,1344.12805144641,0.964547448698967,"Spearman's rank correlation rho","two.sided","carg_score","TNFRSF18",0.989178594468286
0.0789403886710458,1225.00928306751,0.740782435643089,"Spearman's rank correlation rho","two.sided","carg_score","VTCN1",0.989178594468286
0.188171684141169,1079.73166009224,0.426916288680789,"Spearman's rank correlation rho","two.sided","carg_score","ZBTB7B",0.989178594468286
-0.0641390657952247,1415.30495750765,0.788202455428685,"Spearman's rank correlation rho","two.sided","carg_score","GUSB",0.989178594468286
-0.00834632469980993,1341.10061185075,0.972141216884797,"Spearman's rank correlation rho","two.sided","carg_score","HPRT1",0.989178594468286
0.156303898923713,1122.11581443146,0.510495182197652,"Spearman's rank correlation rho","two.sided","carg_score","PGK1",0.989178594468286
-0.208658117495248,1607.51529626868,0.37732394200483,"Spearman's rank correlation rho","two.sided","carg_score","UBC",0.989178594468286
-0.0993971396068274,1462.19819567708,0.676729280933981,"Spearman's rank correlation rho","two.sided","carg_score","YWHAZ",0.989178594468286
0.166985402216312,1107.9094150523,0.481643560371342,"Spearman's rank correlation rho","two.sided","carg_score","NEG_A",0.989178594468286
0.137528374869723,1147.08726142327,0.5631277588407,"Spearman's rank correlation rho","two.sided","carg_score","NEG_B",0.989178594468286
0.328980691593229,892.455680181006,0.156688083291715,"Spearman's rank correlation rho","two.sided","carg_score","NEG_C",0.956834850681366
0.195847005585432,1069.52348257137,0.407943818619755,"Spearman's rank correlation rho","two.sided","carg_score","NEG_D",0.989178594468286
0.398024737924831,800.627098559975,0.0822007871108296,"Spearman's rank correlation rho","two.sided","carg_score","NEG_E",0.956834850681366
0.0326171240565062,1286.61922500485,0.891416930895773,"Spearman's rank correlation rho","two.sided","carg_score","NEG_F",0.989178594468286
-0.0951067663720755,1456.49199927486,0.690003876907723,"Spearman's rank correlation rho","two.sided","carg_score","NEG_G",0.989178594468286
-0.0315238248967363,1371.92668711266,0.895036950674226,"Spearman's rank correlation rho","two.sided","carg_score","NEG_H",0.989178594468286
0.114572275424664,1177.6188736852,0.630530793969082,"Spearman's rank correlation rho","two.sided","carg_score","POS_A",0.989178594468286
0.0933270852796929,1205.87497657801,0.695536230757976,"Spearman's rank correlation rho","two.sided","carg_score","POS_B",0.989178594468286
0.311849041056535,915.240775394809,0.180733810058413,"Spearman's rank correlation rho","two.sided","carg_score","POS_C",0.956834850681366
0.203043788168315,1059.95176173614,0.390579774142172,"Spearman's rank correlation rho","two.sided","carg_score","POS_D",0.989178594468286
-0.300047522906477,1729.06320546561,0.1986831193357,"Spearman's rank correlation rho","two.sided","carg_score","POS_E",0.964507606519558
0.37571814322064,830.294869516549,0.102567958316737,"Spearman's rank correlation rho","two.sided","carg_score","POS_F",0.956834850681366
-0.277930015725421,2586.53035182825,0.199124151023393,"Spearman's rank correlation rho","two.sided","sppb_score","ADORA2A",0.964507606519558
0.00753878885331159,2008.7414913609,0.972766409164887,"Spearman's rank correlation rho","two.sided","sppb_score","AHR",0.989178594468286
-0.0276422257954758,2079.94786501004,0.900366716968896,"Spearman's rank correlation rho","two.sided","sppb_score","B3GAT1",0.989178594468286
0.0864447788513062,1849.03576760496,0.694917260550874,"Spearman's rank correlation rho","two.sided","sppb_score","BCL6",0.989178594468286
-0.287479148272949,2605.85779610445,0.18348560678456,"Spearman's rank correlation rho","two.sided","sppb_score","BTLA",0.956834850681366
0.0115594762417444,2000.60362008671,0.958251978303786,"Spearman's rank correlation rho","two.sided","sppb_score","C10orf54",0.989178594468286
-0.180930932479478,2390.20420733846,0.408704196012194,"Spearman's rank correlation rho","two.sided","sppb_score","CCR4",0.989178594468286
-0.365379966423835,2763.52905204184,0.0864483825504629,"Spearman's rank correlation rho","two.sided","sppb_score","CCR6",0.956834850681366
-0.325173092539507,2682.15033929996,0.130025713699912,"Spearman's rank correlation rho","two.sided","sppb_score","CD127",0.956834850681366
-0.110568903181903,2247.79146004017,0.615496492749088,"Spearman's rank correlation rho","two.sided","sppb_score","CD160",0.989178594468286
-0.0673465137562502,2160.30934384265,0.760124229258879,"Spearman's rank correlation rho","two.sided","sppb_score","CD200R1",0.989178594468286
0.405084254384609,1204.10946912555,0.0551742795749357,"Spearman's rank correlation rho","two.sided","sppb_score","CD244",0.956834850681366
-0.0768956463037782,2179.63678811885,0.727291986008616,"Spearman's rank correlation rho","two.sided","sppb_score","CD27",0.989178594468286
0.0658387559855879,1890.74235788517,0.765346693455179,"Spearman's rank correlation rho","two.sided","sppb_score","CD274",0.989178594468286
0.0115594762417444,2000.60362008671,0.958251978303786,"Spearman's rank correlation rho","two.sided","sppb_score","CD276",0.989178594468286
-0.0201034369421642,2064.68935637094,0.927456884520488,"Spearman's rank correlation rho","two.sided","sppb_score","CD28",0.989178594468286
-0.271396398719217,2573.3063110077,0.210329497831724,"Spearman's rank correlation rho","two.sided","sppb_score","CD3D",0.988137610147341
-0.347286873175887,2726.908631308,0.104451369346284,"Spearman's rank correlation rho","two.sided","sppb_score","CD3E",0.956834850681366
-0.0768956463037782,2179.63678811885,0.727291986008616,"Spearman's rank correlation rho","two.sided","sppb_score","CD4",0.989178594468286
-0.1346930275125,2296.6186876853,0.54004528810609,"Spearman's rank correlation rho","two.sided","sppb_score","CD80",0.989178594468286
0.142734402289366,1735.10556976632,0.515888651293922,"Spearman's rank correlation rho","two.sided","sppb_score","CD86",0.989178594468286
-0.259334336553919,2548.89269718513,0.232109016574411,"Spearman's rank correlation rho","two.sided","sppb_score","CD8A",0.989178594468286
-0.431218722409423,2896.78669415667,0.039937471204365,"Spearman's rank correlation rho","two.sided","sppb_score","CD96",0.956834850681366
-0.102527528405038,2231.5157174918,0.641563284746579,"Spearman's rank correlation rho","two.sided","sppb_score","CDKN1B",0.989178594468286
0.085439607004198,1851.0702354235,0.698302076110773,"Spearman's rank correlation rho","two.sided","sppb_score","CDKN2A..ARF.",0.989178594468286
0.158817151843098,1702.55408466957,0.469189274873035,"Spearman's rank correlation rho","two.sided","sppb_score","CDKN2A..p16.",0.989178594468286
0.0628232404442633,1896.84576134081,0.775821118415282,"Spearman's rank correlation rho","two.sided","sppb_score","CEACAM1",0.989178594468286
0.163843011078639,1692.38174557684,0.455054757482498,"Spearman's rank correlation rho","two.sided","sppb_score","CTLA4",0.989178594468286
-0.175402487320383,2379.01463433646,0.423406629170205,"Spearman's rank correlation rho","two.sided","sppb_score","CXCR3",0.989178594468286
0.432726480180085,1148.16160411551,0.0391716916291856,"Spearman's rank correlation rho","two.sided","sppb_score","EGR1",0.956834850681366
-0.292002421584936,2615.01290128791,0.176380476422498,"Spearman's rank correlation rho","two.sided","sppb_score","EOMES",0.956834850681366
-0.0165853354772855,2057.56871900603,0.940127478681619,"Spearman's rank correlation rho","two.sided","sppb_score","FOXO1",0.989178594468286
0.10654821579347,1808.34641123402,0.628476237988571,"Spearman's rank correlation rho","two.sided","sppb_score","FOXP3",0.989178594468286
-0.108558559487687,2243.72252440308,0.621972749665229,"Spearman's rank correlation rho","two.sided","sppb_score","GATA3",0.989178594468286
0.0940067935959163,1833.73024976187,0.669637227190913,"Spearman's rank correlation rho","two.sided","sppb_score","GRAIL",0.989178594468286
0.105040458022808,1811.39811296184,0.633371481582754,"Spearman's rank correlation rho","two.sided","sppb_score","GZMB",0.989178594468286
0.089962880316185,1841.91513024004,0.683115079861912,"Spearman's rank correlation rho","two.sided","sppb_score","HAVCR2",0.989178594468286
-0.142734402289366,2312.89443023368,0.515888651293922,"Spearman's rank correlation rho","two.sided","sppb_score","IFNG",0.989178594468286
0.197313724526188,1624.637021559,0.366828516270229,"Spearman's rank correlation rho","two.sided","sppb_score","IL.10",0.989178594468286
-0.311603272603546,2654.68502374958,0.147789442262124,"Spearman's rank correlation rho","two.sided","sppb_score","IL.17A",0.956834850681366
-0.0251292961777053,2074.86169546368,0.909386295579082,"Spearman's rank correlation rho","two.sided","sppb_score","IL.2",0.989178594468286
-0.123133551270756,2273.22230777201,0.575661284308766,"Spearman's rank correlation rho","two.sided","sppb_score","IL.21",0.989178594468286
0.0582999671322763,1906.00086652427,0.791603322615021,"Spearman's rank correlation rho","two.sided","sppb_score","IL.4",0.989178594468286
0.0437249753492072,1935.5006498932,0.842968570138194,"Spearman's rank correlation rho","two.sided","sppb_score","IL2RA",0.989178594468286
-0.0829266773864275,2191.84359503013,0.706788350778894,"Spearman's rank correlation rho","two.sided","sppb_score","IL6",0.989178594468286
-0.201034369421642,2430.8935637094,0.357677029596524,"Spearman's rank correlation rho","two.sided","sppb_score","ITCH",0.989178594468286
0.294012765279152,1428.918163075,0.173284461550324,"Spearman's rank correlation rho","two.sided","sppb_score","KIR.Activating.Subgroup.1",0.956834850681366
0.165853354772855,1688.31280993974,0.449463863747591,"Spearman's rank correlation rho","two.sided","sppb_score","KIR_Activating_Subgroup_2",0.989178594468286
0.1040352861757,1813.43258078038,0.6366432755063,"Spearman's rank correlation rho","two.sided","sppb_score","KIR_Inhibiting_Subgroup_1",0.989178594468286
0.228676595217118,1561.15857128055,0.293937225282883,"Spearman's rank correlation rho","two.sided","sppb_score","KIR_Inhibiting_Subgroup_2",0.989178594468286
-0.0929783958575096,2212.1882732156,0.673055610110754,"Spearman's rank correlation rho","two.sided","sppb_score","KLRG1",0.989178594468286
-0.242246415153079,2514.30674426983,0.265418711697973,"Spearman's rank correlation rho","two.sided","sppb_score","LAG3",0.989178594468286
0.292002421584936,1432.98709871209,0.176380476422498,"Spearman's rank correlation rho","two.sided","sppb_score","NECTIN2",0.956834850681366
-0.334722225087035,2701.47778357616,0.118482029746143,"Spearman's rank correlation rho","two.sided","sppb_score","PDCD1",0.956834850681366
0.454337674892912,1104.42054601675,0.02941226261056,"Spearman's rank correlation rho","two.sided","sppb_score","PDCD1LG2",0.956834850681366
-0.0869473647748604,2199.98146630432,0.693226958782561,"Spearman's rank correlation rho","two.sided","sppb_score","PRDM1",0.989178594468286
-0.0080413747768657,2040.27574254838,0.97095155665715,"Spearman's rank correlation rho","two.sided","sppb_score","PTPRC_1",0.989178594468286
-0.308587757062221,2648.58162029394,0.151959280148877,"Spearman's rank correlation rho","two.sided","sppb_score","PTPRC_2",0.956834850681366
-0.12112320757654,2269.15337213492,0.581958513918762,"Spearman's rank correlation rho","two.sided","sppb_score","PTPRC_3",0.989178594468286
0.288986906043611,1439.09050216773,0.181095760300751,"Spearman's rank correlation rho","two.sided","sppb_score","PVR",0.956834850681366
-0.332209295469264,2696.39161402979,0.121444852851464,"Spearman's rank correlation rho","two.sided","sppb_score","PVRIG",0.956834850681366
-0.185956791715019,2400.3765464312,0.395586475407799,"Spearman's rank correlation rho","two.sided","sppb_score","RORA",0.989178594468286
-0.281448117190299,2593.65098919317,0.19326109127743,"Spearman's rank correlation rho","two.sided","sppb_score","RORC",0.956834850681366
-0.219630048593144,2468.53121835252,0.313966843536234,"Spearman's rank correlation rho","two.sided","sppb_score","RUNX3",0.989178594468286
0.400560981072623,1213.26457430901,0.0582141957890968,"Spearman's rank correlation rho","two.sided","sppb_score","SPI1",0.956834850681366
-0.129164582353405,2285.42911468329,0.556951034928496,"Spearman's rank correlation rho","two.sided","sppb_score","SPN",0.989178594468286
-0.116097348340999,2258.98103304218,0.597830439290599,"Spearman's rank correlation rho","two.sided","sppb_score","TBX21",0.989178594468286
-0.0985068410166048,2223.37784621761,0.654754332513077,"Spearman's rank correlation rho","two.sided","sppb_score","TGFB1",0.989178594468286
-0.0155801636301773,2055.53425118748,0.94375036044011,"Spearman's rank correlation rho","two.sided","sppb_score","TIGIT",0.989178594468286
-0.362364450882511,2757.4256485862,0.0892750210634109,"Spearman's rank correlation rho","two.sided","sppb_score","TNF",0.956834850681366
-0.0796795549997473,2185.27141931949,0.717804099888537,"Spearman's rank correlation rho","two.sided","sppb_score","TNFRSF14",0.989178594468286
-0.180930932479478,2390.20420733846,0.408704196012194,"Spearman's rank correlation rho","two.sided","sppb_score","TNFRSF18",0.989178594468286
0.0517791429966812,1919.19901457472,0.814493681470693,"Spearman's rank correlation rho","two.sided","sppb_score","VTCN1",0.989178594468286
0.0080413747768657,2007.72425745162,0.97095155665715,"Spearman's rank correlation rho","two.sided","sppb_score","ZBTB7B",0.989178594468286
-0.116377394210987,2259.54784588304,0.596941265908433,"Spearman's rank correlation rho","two.sided","sppb_score","GUSB",0.989178594468286
-0.196511096109656,2421.73845852594,0.368820272339439,"Spearman's rank correlation rho","two.sided","sppb_score","HPRT1",0.989178594468286
0.184449033944357,1650.67515529662,0.39949680559053,"Spearman's rank correlation rho","two.sided","sppb_score","PGK1",0.989178594468286
0.339748084322576,1336.34987733111,0.112714467990633,"Spearman's rank correlation rho","two.sided","sppb_score","UBC",0.956834850681366
-0.118107692035215,2263.04996867928,0.591459812637488,"Spearman's rank correlation rho","two.sided","sppb_score","YWHAZ",0.989178594468286
0.0416044519115744,1939.79258933097,0.850498763357984,"Spearman's rank correlation rho","two.sided","sppb_score","NEG_A",0.989178594468286
0.238309988175528,1541.66058393273,0.273502855967547,"Spearman's rank correlation rho","two.sided","sppb_score","NEG_B",0.989178594468286
-0.136828645508332,2300.94117850886,0.53357904732082,"Spearman's rank correlation rho","two.sided","sppb_score","NEG_C",0.989178594468286
0.0534763259449697,1915.76391628738,0.808521043209658,"Spearman's rank correlation rho","two.sided","sppb_score","NEG_D",0.989178594468286
-0.0815767101214122,2189.11126128574,0.711361305384276,"Spearman's rank correlation rho","two.sided","sppb_score","NEG_E",0.989178594468286
0.239092332022053,1540.07711998737,0.271883898537384,"Spearman's rank correlation rho","two.sided","sppb_score","NEG_F",0.989178594468286
0.0171861439593261,1989.21524462632,0.93796256359023,"Spearman's rank correlation rho","two.sided","sppb_score","NEG_G",0.989178594468286
0.0576933864702289,1907.22858578426,0.793725926436096,"Spearman's rank correlation rho","two.sided","sppb_score","NEG_H",0.989178594468286
0.11257924687612,1796.13960432273,0.609047866608901,"Spearman's rank correlation rho","two.sided","sppb_score","POS_A",0.989178594468286
0.180930932479478,1657.79579266154,0.408704196012194,"Spearman's rank correlation rho","two.sided","sppb_score","POS_B",0.989178594468286
0.163340425155084,1693.39897948611,0.456458126048388,"Spearman's rank correlation rho","two.sided","sppb_score","POS_C",0.989178594468286
0.127688372050068,1765.55873497066,0.561505249491833,"Spearman's rank correlation rho","two.sided","sppb_score","POS_D",0.989178594468286
0.20847642588741,1602.04371400388,0.339776509129276,"Spearman's rank correlation rho","two.sided","sppb_score","POS_E",0.989178594468286
0.25064285712288,1516.69885718329,0.248689832586869,"Spearman's rank correlation rho","two.sided","sppb_score","POS_F",0.989178594468286
-0.230102756714582,2178.51198214153,0.302923108483694,"Spearman's rank correlation rho","two.sided","blessed_score","ADORA2A",0.989178594468286
-0.0131324153956213,1794.25750766565,0.953746075809472,"Spearman's rank correlation rho","two.sided","blessed_score","AHR",0.989178594468286
-0.06109428031876,1879.19797044452,0.787096643018013,"Spearman's rank correlation rho","two.sided","blessed_score","B3GAT1",0.989178594468286
0.0690879244726165,1648.645285759,0.759984839180783,"Spearman's rank correlation rho","two.sided","blessed_score","BCL6",0.989178594468286
-0.262648307912426,2236.15015331291,0.237644972364818,"Spearman's rank correlation rho","two.sided","blessed_score","BTLA",0.989178594468286
0.304329452428963,1232.03253974831,0.168502017158667,"Spearman's rank correlation rho","two.sided","blessed_score","C10orf54",0.956834850681366
0.0154163137252946,1743.6977083925,0.94571253121761,"Spearman's rank correlation rho","two.sided","blessed_score","CCR4",0.989178594468286
0.0222680087143144,1731.56335656695,0.921645444509966,"Spearman's rank correlation rho","two.sided","blessed_score","CCR6",0.989178594468286
0.00970656790111141,1753.80966824713,0.965804293059618,"Spearman's rank correlation rho","two.sided","blessed_score","CD127",0.989178594468286
-0.230102756714582,2178.51198214153,0.302923108483694,"Spearman's rank correlation rho","two.sided","blessed_score","CD160",0.989178594468286
0.0782235177913096,1632.46614999159,0.729331510524327,"Spearman's rank correlation rho","two.sided","blessed_score","CD200R1",0.989178594468286
-0.0393972461868639,1840.77252299694,0.861810494004735,"Spearman's rank correlation rho","two.sided","blessed_score","CD244",0.989178594468286
-0.0491038140879753,1857.9628547498,0.828205526527609,"Spearman's rank correlation rho","two.sided","blessed_score","CD27",0.989178594468286
-0.214115468406869,2150.19849454857,0.338654223638768,"Spearman's rank correlation rho","two.sided","blessed_score","CD274",0.989178594468286
0.152450213505691,1501.01067188142,0.498220996734551,"Spearman's rank correlation rho","two.sided","blessed_score","CD276",0.989178594468286
-0.270070977483864,2249.29570112392,0.224156724928655,"Spearman's rank correlation rho","two.sided","blessed_score","CD28",0.989178594468286
0.0114194916483664,1750.77608029074,0.959774122895977,"Spearman's rank correlation rho","two.sided","blessed_score","CD3D",0.989178594468286
0.000570974582418318,1769.98880401454,0.997987921204083,"Spearman's rank correlation rho","two.sided","blessed_score","CD3E",0.997987921204083
-0.0274067799560793,1819.53740730222,0.903637364086718,"Spearman's rank correlation rho","two.sided","blessed_score","CD4",0.989178594468286
0.130182204791376,1540.44731531447,0.563647273037363,"Spearman's rank correlation rho","two.sided","blessed_score","CD80",0.989178594468286
0.0759396194616363,1636.51093393344,0.736959517394096,"Spearman's rank correlation rho","two.sided","blessed_score","CD86",0.989178594468286
-0.288913138703669,2282.6651686442,0.192219936188541,"Spearman's rank correlation rho","two.sided","blessed_score","CD8A",0.956834850681366
-0.334591105297134,2363.56084748122,0.128003327293757,"Spearman's rank correlation rho","two.sided","blessed_score","CD96",0.956834850681366
0.0416811445165372,1697.18269306121,0.853880463092003,"Spearman's rank correlation rho","two.sided","blessed_score","CDKN1B",0.989178594468286
-0.303187503264127,2307.94506828077,0.170185812436428,"Spearman's rank correlation rho","two.sided","blessed_score","CDKN2A..ARF.",0.956834850681366
-0.202695976758503,2129.97457483931,0.36563795667948,"Spearman's rank correlation rho","two.sided","blessed_score","CDKN2A..p16.",0.989178594468286
-0.117620763978174,1979.30637300535,0.602156040525731,"Spearman's rank correlation rho","two.sided","blessed_score","CEACAM1",0.989178594468286
-0.0354004241099357,1833.6941510987,0.875718587623281,"Spearman's rank correlation rho","two.sided","blessed_score","CTLA4",0.989178594468286
-0.307755299923473,2316.03463616447,0.163519929176941,"Spearman's rank correlation rho","two.sided","blessed_score","CXCR3",0.956834850681366
-0.0702298736374531,1895.37710621193,0.756133048667521,"Spearman's rank correlation rho","two.sided","blessed_score","EGR1",0.989178594468286
-0.36656568191256,2420.18782266714,0.0933517469154245,"Spearman's rank correlation rho","two.sided","blessed_score","EOMES",0.956834850681366
-0.0816493652858195,1915.60102592119,0.717935904088295,"Spearman's rank correlation rho","two.sided","blessed_score","FOXO1",0.989178594468286
-0.156447035582619,2048.06770001682,0.486887297024019,"Spearman's rank correlation rho","two.sided","blessed_score","FOXP3",0.989178594468286
0.023409957879151,1729.54096459602,0.917640139217549,"Spearman's rank correlation rho","two.sided","blessed_score","GATA3",0.989178594468286
-0.0793878834138609,1911.59594152595,0.725452080897321,"Spearman's rank correlation rho","two.sided","blessed_score","GRAIL",0.989178594468286
-0.0211260595494778,1808.41425146213,0.92565258444115,"Spearman's rank correlation rho","two.sided","blessed_score","GZMB",0.989178594468286
-0.0696588990550348,1894.36591022647,0.758058251167226,"Spearman's rank correlation rho","two.sided","blessed_score","HAVCR2",0.989178594468286
-0.151879238923273,2039.97813213312,0.499850592352811,"Spearman's rank correlation rho","two.sided","blessed_score","IFNG",0.989178594468286
-0.12622102326952,1994.53743221032,0.575671981813309,"Spearman's rank correlation rho","two.sided","blessed_score","IL.10",0.989178594468286
0.297477757439944,1244.16689157386,0.178779251084522,"Spearman's rank correlation rho","two.sided","blessed_score","IL.17A",0.956834850681366
-0.0896430094396759,1929.75776971767,0.691573908559733,"Spearman's rank correlation rho","two.sided","blessed_score","IL.2",0.989178594468286
0.173576273055169,1463.5964204193,0.439810319346322,"Spearman's rank correlation rho","two.sided","blessed_score","IL.21",0.989178594468286
-0.127327331879285,1996.49670475821,0.572302402166572,"Spearman's rank correlation rho","two.sided","blessed_score","IL.4",0.989178594468286
0.0245519070439877,1727.5185726251,0.913636761842843,"Spearman's rank correlation rho","two.sided","blessed_score","IL2RA",0.989178594468286
0.29861970660478,1242.14449960293,0.17703721435691,"Spearman's rank correlation rho","two.sided","blessed_score","IL6",0.956834850681366
-0.250086867099223,2213.90384163272,0.261652658549178,"Spearman's rank correlation rho","two.sided","blessed_score","ITCH",0.989178594468286
0.106201272329807,1582.91754670391,0.638079633066109,"Spearman's rank correlation rho","two.sided","blessed_score","KIR.Activating.Subgroup.1",0.989178594468286
-0.0650911023956882,1886.27634234276,0.773508866591888,"Spearman's rank correlation rho","two.sided","blessed_score","KIR_Activating_Subgroup_2",0.989178594468286
0.035971398692354,1707.29465291584,0.873729451391599,"Spearman's rank correlation rho","two.sided","blessed_score","KIR_Inhibiting_Subgroup_1",0.989178594468286
0.0165582628901312,1741.67531642158,0.941697621084946,"Spearman's rank correlation rho","two.sided","blessed_score","KIR_Inhibiting_Subgroup_2",0.989178594468286
-0.408817801011516,2495.01632559139,0.0588775562703666,"Spearman's rank correlation rho","two.sided","blessed_score","KLRG1",0.956834850681366
-0.142743645604579,2023.79899636571,0.526274272724748,"Spearman's rank correlation rho","two.sided","blessed_score","LAG3",0.989178594468286
0.0302616528681709,1717.40661277047,0.893652049743516,"Spearman's rank correlation rho","two.sided","blessed_score","NECTIN2",0.989178594468286
-0.0639491532308516,1884.25395037184,0.777384743110796,"Spearman's rank correlation rho","two.sided","blessed_score","PDCD1",0.989178594468286
-0.459063564264328,2584.00157231212,0.0316254370061568,"Spearman's rank correlation rho","two.sided","blessed_score","PDCD1LG2",0.956834850681366
-0.0279777545384976,1820.54860328768,0.901639128173165,"Spearman's rank correlation rho","two.sided","blessed_score","PRDM1",0.989178594468286
0.0725137719671264,1642.57810984622,0.748446302684471,"Spearman's rank correlation rho","two.sided","blessed_score","PTPRC_1",0.989178594468286
-0.0182711866373862,1803.35827153481,0.935677847652071,"Spearman's rank correlation rho","two.sided","blessed_score","PTPRC_2",0.989178594468286
-0.419666318077464,2514.22904931519,0.0518519552758226,"Spearman's rank correlation rho","two.sided","blessed_score","PTPRC_3",0.956834850681366
0.073655721131963,1640.55571787529,0.744611513710018,"Spearman's rank correlation rho","two.sided","blessed_score","PVR",0.989178594468286
0.223251061725562,1375.62236968403,0.317942246911304,"Spearman's rank correlation rho","two.sided","blessed_score","PVRIG",0.989178594468286
-0.362568859835632,2413.1094507689,0.097254157326579,"Spearman's rank correlation rho","two.sided","blessed_score","RORA",0.956834850681366
0.126185382714448,1547.52568721271,0.575780678911882,"Spearman's rank correlation rho","two.sided","blessed_score","RORC",0.989178594468286
-0.0867881365275843,1924.70178979035,0.700951191842974,"Spearman's rank correlation rho","two.sided","blessed_score","RUNX3",0.989178594468286
0.0565264836594135,1670.89159743918,0.802698878421999,"Spearman's rank correlation rho","two.sided","blessed_score","SPI1",0.989178594468286
0.0473908903407204,1687.07073320658,0.834116466537113,"Spearman's rank correlation rho","two.sided","blessed_score","SPN",0.989178594468286
-0.115907840230919,1976.27278504896,0.607490729943029,"Spearman's rank correlation rho","two.sided","blessed_score","TBX21",0.989178594468286
-0.0993495773407873,1946.94810147053,0.660023239184959,"Spearman's rank correlation rho","two.sided","blessed_score","TGFB1",0.989178594468286
-0.141030721857325,2020.76540840932,0.531300872316783,"Spearman's rank correlation rho","two.sided","blessed_score","TIGIT",0.989178594468286
0.0810783907034011,1627.41017006428,0.719831229144571,"Spearman's rank correlation rho","two.sided","blessed_score","TNF",0.989178594468286
-0.0702497097834884,1895.41223602656,0.756066190514391,"Spearman's rank correlation rho","two.sided","blessed_score","TNFRSF14",0.989178594468286
-0.253512714593733,2219.9710175455,0.25495733917773,"Spearman's rank correlation rho","two.sided","blessed_score","TNFRSF18",0.989178594468286
-0.00742476607467764,1784.14926071825,0.973839888657082,"Spearman's rank correlation rho","two.sided","blessed_score","VTCN1",0.989178594468286
-0.220967163395889,2162.33284637412,0.323046863113649,"Spearman's rank correlation rho","two.sided","blessed_score","ZBTB7B",0.989178594468286
0.251870910687141,1324.93661717307,0.258152154933059,"Spearman's rank correlation rho","two.sided","blessed_score","GUSB",0.989178594468286
0.11191101815399,1572.80558684928,0.620013235826442,"Spearman's rank correlation rho","two.sided","blessed_score","HPRT1",0.989178594468286
-0.0182711866373862,1803.35827153481,0.935677847652071,"Spearman's rank correlation rho","two.sided","blessed_score","PGK1",0.989178594468286
-0.0845042381979111,1920.6570058485,0.70848348502902,"Spearman's rank correlation rho","two.sided","blessed_score","UBC",0.989178594468286
-0.36999152940707,2426.25499857992,0.0901000921070197,"Spearman's rank correlation rho","two.sided","blessed_score","YWHAZ",0.956834850681366
-0.0576203995140062,1873.0457275393,0.7989555369343,"Spearman's rank correlation rho","two.sided","blessed_score","NEG_A",0.989178594468286
-0.0305114514978065,1825.03578060262,0.892779062345246,"Spearman's rank correlation rho","two.sided","blessed_score","NEG_B",0.989178594468286
-0.29331777155352,2290.46577342128,0.185224626249021,"Spearman's rank correlation rho","two.sided","blessed_score","NEG_C",0.956834850681366
-0.206647536935819,2136.97278791333,0.35616399024764,"Spearman's rank correlation rho","two.sided","blessed_score","NEG_D",0.989178594468286
0.0378248505833505,1704.01218961689,0.867277609545651,"Spearman's rank correlation rho","two.sided","blessed_score","NEG_E",0.989178594468286
-0.175995413028088,2082.68787647274,0.433362438185904,"Spearman's rank correlation rho","two.sided","blessed_score","NEG_F",0.989178594468286
-0.120167359879014,1983.81639434573,0.594261244892557,"Spearman's rank correlation rho","two.sided","blessed_score","NEG_G",0.989178594468286
0.116662458995001,1564.39078511985,0.60513816408575,"Spearman's rank correlation rho","two.sided","blessed_score","NEG_H",0.989178594468286
-0.0411101699341189,1843.80611095332,0.855861724113081,"Spearman's rank correlation rho","two.sided","blessed_score","POS_A",0.989178594468286
-0.0399682207692823,1841.7837189824,0.859826750915464,"Spearman's rank correlation rho","two.sided","blessed_score","POS_B",0.989178594468286
-0.0976366535935324,1943.91451351415,0.665552452353632,"Spearman's rank correlation rho","two.sided","blessed_score","POS_C",0.989178594468286
-0.0628249437088108,1882.2629753083,0.781205410533697,"Spearman's rank correlation rho","two.sided","blessed_score","POS_D",0.989178594468286
-0.0582887977257132,1874.22946077224,0.79667039302422,"Spearman's rank correlation rho","two.sided","blessed_score","POS_E",0.989178594468286
0.0836455029741392,1622.8638142328,0.711322456076255,"Spearman's rank correlation rho","two.sided","blessed_score","POS_F",0.989178594468286
-0.461186899322524,2587.76199870019,0.0307460064835671,"Spearman's rank correlation rho","two.sided","iadl_score","ADORA2A",0.956834850681366
0.0499505098672764,1682.53764702505,0.825287049082129,"Spearman's rank correlation rho","two.sided","iadl_score","AHR",0.989178594468286
0.0218961139144225,1732.22198225756,0.922950239569698,"Spearman's rank correlation rho","two.sided","iadl_score","B3GAT1",0.989178594468286
0.151904290281306,1501.97750191181,0.499779039576327,"Spearman's rank correlation rho","two.sided","iadl_score","BCL6",0.989178594468286
-0.199802039469105,2124.84941189979,0.372667334704494,"Spearman's rank correlation rho","two.sided","iadl_score","BTLA",0.989178594468286
0.10674355533281,1581.95716350559,0.636355020485727,"Spearman's rank correlation rho","two.sided","iadl_score","C10orf54",0.989178594468286
0.00684253559825703,1758.88186945549,0.975890694496768,"Spearman's rank correlation rho","two.sided","iadl_score","CCR4",0.989178594468286
-0.0136850711965141,1795.23626108903,0.951801698919535,"Spearman's rank correlation rho","two.sided","iadl_score","CCR6",0.989178594468286
-0.158062572319737,2050.92881557826,0.482342939891927,"Spearman's rank correlation rho","two.sided","iadl_score","CD127",0.989178594468286
-0.18474846115294,2098.18952470186,0.410459178764917,"Spearman's rank correlation rho","two.sided","iadl_score","CD160",0.989178594468286
0.069109609542396,1648.60688150042,0.759911644020653,"Spearman's rank correlation rho","two.sided","iadl_score","CD200R1",0.989178594468286
0.44750182812601,978.474262388836,0.0367687135701778,"Spearman's rank correlation rho","two.sided","iadl_score","CD244",0.956834850681366
-0.0985325126149013,1945.50107984099,0.662658558982212,"Spearman's rank correlation rho","two.sided","iadl_score","CD27",0.989178594468286
-0.172431897076077,2076.37688972173,0.442878091803308,"Spearman's rank correlation rho","two.sided","iadl_score","CD274",0.989178594468286
0.322967680237732,1199.02423829898,0.142634278834454,"Spearman's rank correlation rho","two.sided","iadl_score","CD276",0.956834850681366
0.0656883417432675,1654.66594677267,0.771483850698157,"Spearman's rank correlation rho","two.sided","iadl_score","CD28",0.989178594468286
-0.217592632024574,2156.35655131552,0.330678722074498,"Spearman's rank correlation rho","two.sided","iadl_score","CD3D",0.989178594468286
-0.333231483635118,2361.15295751779,0.12965672970627,"Spearman's rank correlation rho","two.sided","iadl_score","CD3E",0.956834850681366
-0.20869733574684,2140.60298160765,0.351306356805848,"Spearman's rank correlation rho","two.sided","iadl_score","CD4",0.989178594468286
0.138903472644618,1525.00194994638,0.537574408836848,"Spearman's rank correlation rho","two.sided","iadl_score","CD80",0.989178594468286
0.352390583310237,1146.91627695757,0.107733561309386,"Spearman's rank correlation rho","two.sided","iadl_score","CD86",0.956834850681366
-0.260016352733767,2231.4889606915,0.242551961648097,"Spearman's rank correlation rho","two.sided","iadl_score","CD8A",0.989178594468286
-0.435869517608973,2542.92491568549,0.0425843380480926,"Spearman's rank correlation rho","two.sided","iadl_score","CD96",0.956834850681366
-0.0294229030725052,1823.10796134141,0.896584147125634,"Spearman's rank correlation rho","two.sided","iadl_score","CDKN1B",0.989178594468286
0.0684253559825704,1649.81869455487,0.762222207140793,"Spearman's rank correlation rho","two.sided","iadl_score","CDKN2A..ARF.",0.989178594468286
0.161483840118866,1485.01211914949,0.472789939176297,"Spearman's rank correlation rho","two.sided","iadl_score","CDKN2A..p16.",0.989178594468286
0.136850711965141,1528.63738910974,0.543660617560644,"Spearman's rank correlation rho","two.sided","iadl_score","CEACAM1",0.989178594468286
0.356496104669192,1139.64539863086,0.103411788186772,"Spearman's rank correlation rho","two.sided","iadl_score","CTLA4",0.956834850681366
-0.574772990253591,2788.92296573911,0.00514102058472702,"Spearman's rank correlation rho","two.sided","iadl_score","CXCR3",0.95139312989281
0.387971768421174,1083.9019981261,0.0743965627070293,"Spearman's rank correlation rho","two.sided","iadl_score","EGR1",0.956834850681366
-0.268227395451676,2246.03071734492,0.227458626266149,"Spearman's rank correlation rho","two.sided","iadl_score","EOMES",0.989178594468286
-0.142324740443746,2023.05711532587,0.527501481517481,"Spearman's rank correlation rho","two.sided","iadl_score","FOXO1",0.989178594468286
-0.099216766174727,1946.71289289544,0.66045133790249,"Spearman's rank correlation rho","two.sided","iadl_score","FOXP3",0.989178594468286
-0.316809398199301,2332.06944421096,0.150848297889618,"Spearman's rank correlation rho","two.sided","iadl_score","GATA3",0.956834850681366
0.0903469808337809,1610.99549694337,0.689268233689472,"Spearman's rank correlation rho","two.sided","iadl_score","GRAIL",0.989178594468286
0.147114515362526,1510.46019329297,0.513550414218005,"Spearman's rank correlation rho","two.sided","iadl_score","GZMB",0.989178594468286
0.0957954983755985,1601.34617237682,0.671514349860117,"Spearman's rank correlation rho","two.sided","iadl_score","HAVCR2",0.989178594468286
-0.0465292420681478,1853.40328770269,0.837093127422347,"Spearman's rank correlation rho","two.sided","iadl_score","IFNG",0.989178594468286
0.223129664786459,1375.83736366318,0.318212340495818,"Spearman's rank correlation rho","two.sided","iadl_score","IL.10",0.989178594468286
0.0314756637519824,1715.25659949524,0.889410500499625,"Spearman's rank correlation rho","two.sided","iadl_score","IL.17A",0.989178594468286
0.179274432674334,1453.50497973375,0.424703813017995,"Spearman's rank correlation rho","two.sided","iadl_score","IL.2",0.989178594468286
0.128639669247232,1543.17914576315,0.568316553962911,"Spearman's rank correlation rho","two.sided","iadl_score","IL.21",0.989178594468286
0.231961956780913,1360.195374541,0.298924098854957,"Spearman's rank correlation rho","two.sided","iadl_score","IL.4",0.989178594468286
0.030107156632331,1717.68022560414,0.894192037285837,"Spearman's rank correlation rho","two.sided","iadl_score","IL2RA",0.989178594468286
0.155325558080435,1495.91843663955,0.490054409872648,"Spearman's rank correlation rho","two.sided","iadl_score","IL6",0.989178594468286
-0.0732151309013503,1900.66399682629,0.74609037682715,"Spearman's rank correlation rho","two.sided","iadl_score","ITCH",0.989178594468286
0.218961139144225,1383.21982257558,0.327570828139831,"Spearman's rank correlation rho","two.sided","iadl_score","KIR.Activating.Subgroup.1",0.989178594468286
0.185432714712766,1442.59866224369,0.408697228781305,"Spearman's rank correlation rho","two.sided","iadl_score","KIR_Activating_Subgroup_2",0.989178594468286
-0.0574772990253591,1872.79229657391,0.799444981283165,"Spearman's rank correlation rho","two.sided","iadl_score","KIR_Inhibiting_Subgroup_1",0.989178594468286
-0.0266858888332024,1818.2607091236,0.906161065106972,"Spearman's rank correlation rho","two.sided","iadl_score","KIR_Inhibiting_Subgroup_2",0.989178594468286
-0.138903472644618,2016.99805005362,0.537574408836848,"Spearman's rank correlation rho","two.sided","iadl_score","KLRG1",0.989178594468286
-0.16079958655904,2055.77606779606,0.474692813231952,"Spearman's rank correlation rho","two.sided","iadl_score","LAG3",0.989178594468286
0.201854800148583,1413.51514893686,0.367673255952802,"Spearman's rank correlation rho","two.sided","iadl_score","NECTIN2",0.989178594468286
-0.136850711965141,2013.36261089026,0.543660617560644,"Spearman's rank correlation rho","two.sided","iadl_score","PDCD1",0.989178594468286
0.101269526854204,1591.6516679412,0.653846071916785,"Spearman's rank correlation rho","two.sided","iadl_score","PDCD1LG2",0.989178594468286
-0.0390024529100651,1840.07334410373,0.863182599710774,"Spearman's rank correlation rho","two.sided","iadl_score","PRDM1",0.989178594468286
0.178590179114509,1454.71679278821,0.42650291641969,"Spearman's rank correlation rho","two.sided","iadl_score","PTPRC_1",0.989178594468286
-0.171063389956426,2073.95326361283,0.446561469826061,"Spearman's rank correlation rho","two.sided","iadl_score","PTPRC_2",0.989178594468286
-0.247015535097079,2208.46451265693,0.267749534184762,"Spearman's rank correlation rho","two.sided","iadl_score","PTPRC_3",0.989178594468286
0.461186899322524,954.23800129981,0.0307460064835671,"Spearman's rank correlation rho","two.sided","iadl_score","PVR",0.956834850681366
0.218961139144225,1383.21982257558,0.327570828139831,"Spearman's rank correlation rho","two.sided","iadl_score","PVRIG",0.989178594468286
0.0232646210340739,1729.79835614866,0.918149792717024,"Spearman's rank correlation rho","two.sided","iadl_score","RORA",0.989178594468286
-0.0143693247563398,1796.44807414348,0.949394697223325,"Spearman's rank correlation rho","two.sided","iadl_score","RORC",0.989178594468286
-0.144377501123223,2026.69255448923,0.521500693594769,"Spearman's rank correlation rho","two.sided","iadl_score","RUNX3",0.989178594468286
0.509768902070149,868.199274433766,0.0153690370305234,"Spearman's rank correlation rho","two.sided","iadl_score","SPI1",0.956834850681366
-0.327757455156512,2351.45845308218,0.136468365334466,"Spearman's rank correlation rho","two.sided","iadl_score","SPN",0.956834850681366
-0.0766363987004788,1906.72306209855,0.734629766753372,"Spearman's rank correlation rho","two.sided","iadl_score","TBX21",0.989178594468286
-0.134797951285664,2009.72717172691,0.549778269929319,"Spearman's rank correlation rho","two.sided","iadl_score","TGFB1",0.989178594468286
-0.139587726204443,2018.20986310807,0.535552716358549,"Spearman's rank correlation rho","two.sided","iadl_score","TIGIT",0.989178594468286
-0.149167276042003,2035.17524587039,0.507626174063392,"Spearman's rank correlation rho","two.sided","iadl_score","TNF",0.989178594468286
-0.0711824697478274,1897.0641539234,0.752924213605894,"Spearman's rank correlation rho","two.sided","iadl_score","TNFRSF14",0.989178594468286
-0.16558936147782,2064.25875917722,0.461454542731951,"Spearman's rank correlation rho","two.sided","iadl_score","TNFRSF18",0.989178594468286
0.0865825232990401,1617.6623512374,0.70162820609832,"Spearman's rank correlation rho","two.sided","iadl_score","VTCN1",0.989178594468286
-0.309282609041218,2318.739500612,0.161332173431134,"Spearman's rank correlation rho","two.sided","iadl_score","ZBTB7B",0.956834850681366
0.0184800642614552,1738.27180619296,0.93494400912913,"Spearman's rank correlation rho","two.sided","iadl_score","GUSB",0.989178594468286
-0.0766363987004788,1906.72306209855,0.734629766753372,"Spearman's rank correlation rho","two.sided","iadl_score","HPRT1",0.989178594468286
-0.100585273294378,1949.13651900434,0.656045078640404,"Spearman's rank correlation rho","two.sided","iadl_score","PGK1",0.989178594468286
0.192959503870848,1429.26871864473,0.389591907432454,"Spearman's rank correlation rho","two.sided","iadl_score","UBC",0.989178594468286
-0.210750096426317,2144.23842077101,0.346480739582391,"Spearman's rank correlation rho","two.sided","iadl_score","YWHAZ",0.989178594468286
-0.131048258353094,2003.08646554333,0.561033216733306,"Spearman's rank correlation rho","two.sided","iadl_score","NEG_A",0.989178594468286
-0.0908715281459503,1931.93347634648,0.687551943970173,"Spearman's rank correlation rho","two.sided","iadl_score","NEG_B",0.989178594468286
-0.133658285884,2007.70882430056,0.553188162291052,"Spearman's rank correlation rho","two.sided","iadl_score","NEG_C",0.989178594468286
-0.138542963348282,2016.35958808981,0.538640988534274,"Spearman's rank correlation rho","two.sided","iadl_score","NEG_D",0.989178594468286
-0.170158630197262,2072.35093407935,0.44900546081389,"Spearman's rank correlation rho","two.sided","iadl_score","NEG_E",0.989178594468286
0.17115003914216,1467.89328067923,0.44632777507843,"Spearman's rank correlation rho","two.sided","iadl_score","NEG_F",0.989178594468286
0.240211755832703,1345.58498042028,0.281573780941863,"Spearman's rank correlation rho","two.sided","iadl_score","NEG_G",0.989178594468286
-0.0607264509227145,1878.54654458413,0.788350207510092,"Spearman's rank correlation rho","two.sided","iadl_score","NEG_H",0.989178594468286
0.018474846115294,1738.28104752981,0.934962341142618,"Spearman's rank correlation rho","two.sided","iadl_score","POS_A",0.989178594468286
0.132060937046361,1537.12008049089,0.557983479888599,"Spearman's rank correlation rho","two.sided","iadl_score","POS_B",0.989178594468286
-0.00615828203843133,1781.90631749006,0.978301046006691,"Spearman's rank correlation rho","two.sided","iadl_score","POS_C",0.989178594468286
-0.0677602356253357,1891.00337729247,0.764470038025478,"Spearman's rank correlation rho","two.sided","iadl_score","POS_D",0.989178594468286
0.0701954691775302,1646.68382408659,0.756249013628297,"Spearman's rank correlation rho","two.sided","iadl_score","POS_E",0.989178594468286
0.0251750601573048,1726.41496846141,0.911452995186142,"Spearman's rank correlation rho","two.sided","iadl_score","POS_F",0.989178594468286
-0.407049253351125,2166.85585016073,0.0670481973023323,"Spearman's rank correlation rho","two.sided","promis_score","ADORA2A",0.956834850681366
0.0965437331666129,1391.32265092342,0.677188239866813,"Spearman's rank correlation rho","two.sided","promis_score","AHR",0.989178594468286
0.163080630349008,1288.85582926253,0.47999003639119,"Spearman's rank correlation rho","two.sided","promis_score","B3GAT1",0.989178594468286
0.375737772324115,961.363830620863,0.0932362824454184,"Spearman's rank correlation rho","two.sided","promis_score","BCL6",0.956834850681366
-0.223094302317443,1883.56522556886,0.331015452195486,"Spearman's rank correlation rho","two.sided","promis_score","BTLA",0.989178594468286
0.125245924108038,1347.12127687362,0.588547534967734,"Spearman's rank correlation rho","two.sided","promis_score","C10orf54",0.989178594468286
-0.421400348821837,2188.95653718563,0.0570993820798483,"Spearman's rank correlation rho","two.sided","promis_score","CCR4",0.956834850681366
-0.1643852753918,1793.15332410337,0.476435501105967,"Spearman's rank correlation rho","two.sided","promis_score","CCR6",0.989178594468286
-0.184607273555077,1824.29520127482,0.423076053891073,"Spearman's rank correlation rho","two.sided","promis_score","CD127",0.989178594468286
-0.15133882496388,1773.06179044437,0.512568569572242,"Spearman's rank correlation rho","two.sided","promis_score","CD160",0.989178594468286
-0.352254161553858,2082.47140879294,0.117332137296301,"Spearman's rank correlation rho","two.sided","promis_score","CD200R1",0.956834850681366
-0.108285538551741,1706.75972936968,0.640343104930979,"Spearman's rank correlation rho","two.sided","promis_score","CD244",0.989178594468286
-0.200263014068582,1848.40504166562,0.384086426494107,"Spearman's rank correlation rho","two.sided","promis_score","CD27",0.989178594468286
-0.369214547110155,2108.59040254964,0.0995275306707205,"Spearman's rank correlation rho","two.sided","promis_score","CD274",0.956834850681366
0.140249342100147,1324.01601316577,0.544277245229175,"Spearman's rank correlation rho","two.sided","promis_score","CD276",0.989178594468286
-0.20548159423975,1856.44165512922,0.371554799937155,"Spearman's rank correlation rho","two.sided","promis_score","CD28",0.989178594468286
-0.133073794364791,1744.93364332178,0.565259528392689,"Spearman's rank correlation rho","two.sided","promis_score","CD3D",0.989178594468286
-0.193087466333226,1837.35469815317,0.401699170025196,"Spearman's rank correlation rho","two.sided","promis_score","CD3E",0.989178594468286
0.00326161260698017,1534.97711658525,0.988804992794949,"Spearman's rank correlation rho","two.sided","promis_score","CD4",0.995225804436475
0.0489241891047025,1464.65674877876,0.833202588371446,"Spearman's rank correlation rho","two.sided","promis_score","CD80",0.989178594468286
0.316376422877076,1052.7803087693,0.162341713769737,"Spearman's rank correlation rho","two.sided","promis_score","CD86",0.956834850681366
-0.31572410035568,2026.21511454775,0.163257068016025,"Spearman's rank correlation rho","two.sided","promis_score","CD8A",0.956834850681366
-0.573391496307113,2423.02290431295,0.00657918521494526,"Spearman's rank correlation rho","two.sided","promis_score","CD96",0.95139312989281
0.191130498769038,1245.65903189568,0.40657863816322,"Spearman's rank correlation rho","two.sided","promis_score","CDKN1B",0.989178594468286
-0.373128482238531,2114.61786264734,0.0957166069682915,"Spearman's rank correlation rho","two.sided","promis_score","CDKN2A..ARF.",0.956834850681366
0.0241359332916532,1502.83066273085,0.917291010435898,"Spearman's rank correlation rho","two.sided","promis_score","CDKN2A..p16.",0.989178594468286
0.147424889835503,1312.96566965332,0.523657939365469,"Spearman's rank correlation rho","two.sided","promis_score","CEACAM1",0.989178594468286
0.120679666458266,1354.15331365427,0.602317069569538,"Spearman's rank correlation rho","two.sided","promis_score","CTLA4",0.989178594468286
-0.655584134003013,2549.59956636464,0.00125384457724368,"Spearman's rank correlation rho","two.sided","promis_score","CXCR3",0.583037728418312
0.472281505490728,812.686481544279,0.0306339029059335,"Spearman's rank correlation rho","two.sided","promis_score","EGR1",0.956834850681366
-0.270061523857958,1955.89474674125,0.236431017571427,"Spearman's rank correlation rho","two.sided","promis_score","EOMES",0.989178594468286
0.172213145648553,1274.79175570123,0.455389578623621,"Spearman's rank correlation rho","two.sided","promis_score","FOXO1",0.989178594468286
-0.338555388604541,2061.37529845099,0.133304665548417,"Spearman's rank correlation rho","two.sided","promis_score","FOXP3",0.956834850681366
-0.377042417366907,2120.64532274504,0.092014027010449,"Spearman's rank correlation rho","two.sided","promis_score","GATA3",0.956834850681366
0.226429442915619,1191.29865790995,0.323647341255519,"Spearman's rank correlation rho","two.sided","promis_score","GRAIL",0.989178594468286
0.285064941850066,1100.9999895509,0.210377684741047,"Spearman's rank correlation rho","two.sided","promis_score","GZMB",0.988137610147341
0.136335406971771,1330.04347326347,0.555677965681382,"Spearman's rank correlation rho","two.sided","promis_score","HAVCR2",0.989178594468286
-0.0078278702567524,1552.0549201954,0.973135837028308,"Spearman's rank correlation rho","two.sided","promis_score","IFNG",0.989178594468286
0.172595353461617,1274.20315566911,0.454374458280329,"Spearman's rank correlation rho","two.sided","promis_score","IL.10",0.989178594468286
-0.0443579314549302,1608.31121444059,0.848588388433243,"Spearman's rank correlation rho","two.sided","promis_score","IL.17A",0.989178594468286
0.0639276070968112,1441.55148507091,0.783088815354655,"Spearman's rank correlation rho","two.sided","promis_score","IL.2",0.989178594468286
0.191782821290434,1244.65445521273,0.404948551820971,"Spearman's rank correlation rho","two.sided","promis_score","IL.21",0.989178594468286
-0.0541427692758707,1623.37986468484,0.81569070637238,"Spearman's rank correlation rho","two.sided","promis_score","IL.4",0.989178594468286
-0.377694739888303,2121.64989942799,0.0914073494462698,"Spearman's rank correlation rho","two.sided","promis_score","IL2RA",0.956834850681366
0.0273975458986334,1497.8077793161,0.906158771203714,"Spearman's rank correlation rho","two.sided","promis_score","IL6",0.989178594468286
0.295502102192403,1084.9267626237,0.193424679492577,"Spearman's rank correlation rho","two.sided","promis_score","ITCH",0.956834850681366
0.131116826800603,1338.08008672707,0.571043225787876,"Spearman's rank correlation rho","two.sided","promis_score","KIR.Activating.Subgroup.1",0.989178594468286
0.11024250611593,1370.22654058147,0.634277821846646,"Spearman's rank correlation rho","two.sided","promis_score","KIR_Activating_Subgroup_2",0.989178594468286
0.193739788854622,1241.64072516388,0.400079884901115,"Spearman's rank correlation rho","two.sided","promis_score","KIR_Inhibiting_Subgroup_1",0.989178594468286
0.177431725819721,1266.75514223763,0.441631117476016,"Spearman's rank correlation rho","two.sided","promis_score","KIR_Inhibiting_Subgroup_2",0.989178594468286
-0.153295792528068,1776.07552049322,0.507066401549876,"Spearman's rank correlation rho","two.sided","promis_score","KLRG1",0.989178594468286
-0.116113408808494,1718.81464956508,0.616218124003933,"Spearman's rank correlation rho","two.sided","promis_score","LAG3",0.989178594468286
0.172213145648553,1274.79175570123,0.455389578623621,"Spearman's rank correlation rho","two.sided","promis_score","NECTIN2",0.989178594468286
-0.315071777834284,2025.2105378648,0.164175988880726,"Spearman's rank correlation rho","two.sided","promis_score","PDCD1",0.956834850681366
-0.0678415422251874,1644.47597502679,0.770142224648412,"Spearman's rank correlation rho","two.sided","promis_score","PDCD1LG2",0.989178594468286
-0.165689920434592,1795.16247746927,0.472894260261516,"Spearman's rank correlation rho","two.sided","promis_score","PRDM1",0.989178594468286
-0.352906484075254,2083.47598547589,0.116607644967048,"Spearman's rank correlation rho","two.sided","promis_score","PTPRC_1",0.956834850681366
0.0841496052600883,1410.40960789946,0.716863856241481,"Spearman's rank correlation rho","two.sided","promis_score","PTPRC_2",0.989178594468286
-0.238097720309552,1906.67048927671,0.298650256972574,"Spearman's rank correlation rho","two.sided","promis_score","PTPRC_3",0.989178594468286
0.455973442455827,837.800898618026,0.0377587527540777,"Spearman's rank correlation rho","two.sided","promis_score","PVR",0.956834850681366
0.348992548946878,1002.55147462181,0.121003306515515,"Spearman's rank correlation rho","two.sided","promis_score","PVRIG",0.956834850681366
-0.0906728304740486,1679.63615893003,0.695886935256552,"Spearman's rank correlation rho","two.sided","promis_score","RORA",0.989178594468286
-0.078278702567524,1660.54920195399,0.735912827215714,"Spearman's rank correlation rho","two.sided","promis_score","RORC",0.989178594468286
-0.159166695220632,1785.11671063977,0.490732784145825,"Spearman's rank correlation rho","two.sided","promis_score","RUNX3",0.989178594468286
0.297459069756591,1081.91303257485,0.190351788313243,"Spearman's rank correlation rho","two.sided","promis_score","SPI1",0.956834850681366
-0.452059507327451,2236.17164128427,0.0396471843328763,"Spearman's rank correlation rho","two.sided","promis_score","SPN",0.956834850681366
0.0110894828637326,1522.92219638985,0.961949087399859,"Spearman's rank correlation rho","two.sided","promis_score","TBX21",0.989178594468286
-0.00260929008558413,1544.0183067318,0.991043897056309,"Spearman's rank correlation rho","two.sided","promis_score","TGFB1",0.99532486421422
-0.329422873304997,2047.31122488969,0.144775807937448,"Spearman's rank correlation rho","two.sided","promis_score","TIGIT",0.956834850681366
-0.26810455629377,1952.88101669241,0.239976967595857,"Spearman's rank correlation rho","two.sided","promis_score","TNF",0.989178594468286
-0.00163133604406065,1542.51225750785,0.99440055158974,"Spearman's rank correlation rho","two.sided","promis_score","TNFRSF14",0.996543656226787
-0.380956352495283,2126.67278284274,0.0884181574483527,"Spearman's rank correlation rho","two.sided","promis_score","TNFRSF18",0.956834850681366
-0.0368681945957708,1596.77701967749,0.873937393847708,"Spearman's rank correlation rho","two.sided","promis_score","VTCN1",0.989178594468286
-0.206786239282542,1858.45080849512,0.368458729107002,"Spearman's rank correlation rho","two.sided","promis_score","ZBTB7B",0.989178594468286
-0.122350203304549,1728.41931308901,0.597264110885182,"Spearman's rank correlation rho","two.sided","promis_score","GUSB",0.989178594468286
0.319638035484056,1047.75742535455,0.157818269331002,"Spearman's rank correlation rho","two.sided","promis_score","HPRT1",0.956834850681366
0.0443579314549302,1471.68878555941,0.848588388433243,"Spearman's rank correlation rho","two.sided","promis_score","PGK1",0.989178594468286
0.098500700730801,1388.30892087457,0.670995093595823,"Spearman's rank correlation rho","two.sided","promis_score","UBC",0.989178594468286
-0.380304029973887,2125.66820615979,0.0890101286535084,"Spearman's rank correlation rho","two.sided","promis_score","YWHAZ",0.956834850681366
0.00625211380127153,1530.37174474604,0.978542265495509,"Spearman's rank correlation rho","two.sided","promis_score","NEG_A",0.989178594468286
-0.0586895446177963,1630.38189871141,0.800501519603108,"Spearman's rank correlation rho","two.sided","promis_score","NEG_B",0.989178594468286
-0.192929915667755,1837.11207012834,0.402090804830956,"Spearman's rank correlation rho","two.sided","promis_score","NEG_C",0.989178594468286
-0.407076773685638,2166.89823147588,0.0670279439668798,"Spearman's rank correlation rho","two.sided","promis_score","NEG_D",0.956834850681366
-0.179360279257152,1816.21483005601,0.43660255900741,"Spearman's rank correlation rho","two.sided","promis_score","NEG_E",0.989178594468286
-0.182869425601836,1821.61891542683,0.427530973281333,"Spearman's rank correlation rho","two.sided","promis_score","NEG_F",0.989178594468286
0.219770174645261,1201.5539310463,0.338457479110534,"Spearman's rank correlation rho","two.sided","promis_score","NEG_G",0.989178594468286
0.0980522803993209,1388.99948818505,0.672412399223763,"Spearman's rank correlation rho","two.sided","promis_score","NEG_H",0.989178594468286
-0.133726116886187,1745.93822000473,0.563337395099553,"Spearman's rank correlation rho","two.sided","promis_score","POS_A",0.989178594468286
-0.133726116886187,1745.93822000473,0.563337395099553,"Spearman's rank correlation rho","two.sided","promis_score","POS_B",0.989178594468286
-0.129812181757811,1739.91075990703,0.574913334390504,"Spearman's rank correlation rho","two.sided","promis_score","POS_C",0.989178594468286
-0.054812891080438,1624.41185226387,0.813447926502827,"Spearman's rank correlation rho","two.sided","promis_score","POS_D",0.989178594468286
-0.122756260096114,1729.04464054802,0.596038570922962,"Spearman's rank correlation rho","two.sided","promis_score","POS_E",0.989178594468286
-0.0463972655778572,1611.4517889899,0.84171005656874,"Spearman's rank correlation rho","two.sided","promis_score","POS_F",0.989178594468286
