"Gene","Estimate","Std. Error","df","t value","Pr(>|t|)","score","padj"
"PTPRC_2",-0.319863550124693,0.137412989650284,18.4043373807312,-2.32775337279791,0.0315114587892408,"sppb_score",0.977133978113962
"HPRT1",-0.209525866428256,0.119244800687486,16.132697550793,-1.75710693648923,0.0978581863465462,"sppb_score",0.977133978113962
"PDCD1LG2",0.195970728555087,0.120484939474567,16.5010860255526,1.62651638793788,0.122782923276726,"sppb_score",0.977133978113962
"GZMB",-0.169442928630496,0.100633833012566,10.0822533774847,-1.68375707809259,0.122886425038293,"sppb_score",0.977133978113962
"RORC",0.196398890068826,0.123531610513778,12.5602211930269,1.58986747806482,0.136707825002549,"sppb_score",0.977133978113962
"CDKN1B",0.185301308766572,0.123697288001902,13.6522625222155,1.49802240420762,0.156889138098204,"sppb_score",0.977133978113962
"UBC",0.157629462355804,0.114449931795914,14.0398402160465,1.37727877930838,0.189988149194842,"sppb_score",0.977133978113962
"IL.21",-0.163481843204322,0.122651716669504,14.5094212572599,-1.33289486395726,0.203119203372777,"sppb_score",0.977133978113962
"CD4",0.173321238238924,0.1306356899581,15.574003384914,1.32675257653185,0.203716501096668,"sppb_score",0.977133978113962
"GRAIL",-0.1821964443005,0.141407574463057,16.6540764742775,-1.28844897447908,0.215202715693638,"sppb_score",0.977133978113962
"NEG_C",-0.125629608876801,0.103588867429783,11.2607135994133,-1.21277133338636,0.250046301050994,"sppb_score",0.977133978113962
"ADORA2A",0.115871349542146,0.0959755342538304,10.1062733339888,1.20730090687171,0.254812679407073,"sppb_score",0.977133978113962
"IL.4",0.126405565986945,0.109196689112501,12.0892848598779,1.15759522577387,0.269388879354921,"sppb_score",0.977133978113962
"ZBTB7B",0.125771429792372,0.109448327823599,11.4343987151017,1.14913980225519,0.273968283721353,"sppb_score",0.977133978113962
"VTCN1",-0.172342813184098,0.159570801189004,25.9868731270626,-1.0800397810873,0.290046735401264,"sppb_score",0.977133978113962
"POS_E",0.107567199916915,0.0983635681661373,10.4185401984737,1.09356748562875,0.298784070155449,"sppb_score",0.977133978113962
"CXCR3",0.11431742018429,0.108935587424912,11.2530974921296,1.04940380720935,0.316007621913328,"sppb_score",0.977133978113962
"IL6",-0.0926886567819742,0.0982662979727315,10.5241520331801,-0.943239530685229,0.366708065688024,"sppb_score",0.977133978113962
"NEG_E",-0.111330538323674,0.119312889627215,13.5274862895596,-0.933097326462536,0.367126339659011,"sppb_score",0.977133978113962
"CDKN2A..p16.",0.115522202594305,0.123875276521685,12.7696282584592,0.932568675833244,0.368340801506502,"sppb_score",0.977133978113962
"CEACAM1",0.108271943850017,0.116867367495454,12.8238632650519,0.926451465198176,0.371319173575172,"sppb_score",0.977133978113962
"TNF",0.112832565937213,0.122480371661303,11.5968065157457,0.921229780794844,0.375697433551605,"sppb_score",0.977133978113962
"EOMES",0.138186553198974,0.155901386176763,20.4713041104384,0.88637154927087,0.385711840452457,"sppb_score",0.977133978113962
"SPN",0.103371114857492,0.1214613764135,14.3159230278004,0.851061612422192,0.408745424214594,"sppb_score",0.994788689598444
"IL.2",-0.133841679818095,0.161877845463896,27.8399125597828,-0.826806654329647,0.41537719219935,"sppb_score",0.994788689598444
"CD27",0.0747692373772683,0.0994835571213172,11.0367580108284,0.751573823260958,0.468031721951466,"sppb_score",0.999145803413394
"CDKN2A..ARF.",0.0866430010654741,0.121716689548823,13.0628215999436,0.711841583817641,0.489081569125606,"sppb_score",0.999145803413394
"POS_F",-0.0859807429167253,0.121957469684001,14.711805692833,-0.705005959368511,0.491818273507821,"sppb_score",0.999145803413394
"NEG_F",0.0636038945938888,0.0908651421032127,9.80094108845289,0.699981237267442,0.500215932063192,"sppb_score",0.999145803413394
"GATA3",0.0957844948395011,0.139024669697437,14.9325278515977,0.688974806039529,0.50140485468125,"sppb_score",0.999145803413394
"FOXO1",0.0676379452611001,0.101698903927116,11.2079955608593,0.665080375984917,0.519450150386349,"sppb_score",0.999145803413394
"FOXP3",0.0761238219467986,0.114721888319625,11.4683169489868,0.663550984575069,0.520093794870303,"sppb_score",0.999145803413394
"GUSB",0.0618730216707128,0.101276017146263,10.3403009398742,0.610934586629286,0.554434310869873,"sppb_score",0.999145803413394
"CD28",0.0661512154754299,0.109205074758806,11.7067933629524,0.605752210888862,0.556241626805106,"sppb_score",0.999145803413394
"PTPRC_1",0.0813582486262489,0.135390004822584,15.0514505980003,0.60091768763035,0.556836652821288,"sppb_score",0.999145803413394
"CD200R1",0.07125271562571,0.11958988258147,12.771204921024,0.595808893592397,0.561713946556438,"sppb_score",0.999145803413394
"PGK1",-0.0690021313346205,0.119071911960576,13.170269560674,-0.579499650240492,0.572032000081814,"sppb_score",0.999145803413394
"PVR",0.0680490475657883,0.117775139896895,12.0486564515833,0.577787872936183,0.57404699898423,"sppb_score",0.999145803413394
"CD8A",-0.0899789748475269,0.164769342495797,22.9897665764285,-0.546090513469288,0.590264362892225,"sppb_score",0.999145803413394
"CD96",-0.0621242929757491,0.114289655577256,10.7550024472804,-0.543568817859942,0.597824594995298,"sppb_score",0.999145803413394
"IL.17A",0.0722630245695862,0.134208199174947,14.9930176054714,0.538439715411036,0.598177260739224,"sppb_score",0.999145803413394
"RUNX3",-0.0789837504804769,0.149156448415217,17.5276890288921,-0.529536277644562,0.603076730449212,"sppb_score",0.999145803413394
"KLRG1",-0.0901863086057225,0.185899315983155,28.405584273535,-0.485135236398043,0.631301043189035,"sppb_score",0.999145803413394
"KIR_Inhibiting_Subgroup_2",-0.0480606834231441,0.100738453564995,10.3390600125734,-0.477083791961685,0.643226859007819,"sppb_score",0.999145803413394
"TNFRSF18",-0.0741318608364073,0.160772557853319,19.6972829768204,-0.46109772604378,0.649779368390345,"sppb_score",0.999145803413394
"PRDM1",-0.0703701034356605,0.155540652351427,19.1486398866956,-0.452422581311201,0.656048279325387,"sppb_score",0.999145803413394
"CD80",0.0615625827937508,0.138817840092302,17.1989376859259,0.443477457600672,0.662948694986848,"sppb_score",0.999145803413394
"BTLA",-0.0519161148295984,0.11578813523279,9.18516378282209,-0.448371629141638,0.664275165691037,"sppb_score",0.999145803413394
"CD86",-0.0407830591562558,0.0951888976420219,9.63342686168735,-0.428443444209525,0.67774936983974,"sppb_score",0.999145803413394
"IL.10",0.0574941352679778,0.137840995706573,14.017660919276,0.417104758807515,0.682919235986627,"sppb_score",0.999145803413394
"AHR",0.0501828503944532,0.123719609909784,12.3108995716235,0.405617593128901,0.691984563650434,"sppb_score",0.999145803413394
"POS_A",-0.0463133944829608,0.114537524415476,13.2745577855265,-0.40435127893076,0.692393873032635,"sppb_score",0.999145803413394
"CD244",0.045495968557961,0.114998161263028,12.9169473259131,0.395623443525335,0.698839584443374,"sppb_score",0.999145803413394
"NEG_H",0.0464858387452608,0.119094261433667,13.9880044981238,0.39032811644877,0.7021734293523,"sppb_score",0.999145803413394
"IL2RA",0.0534444145673394,0.137560441665456,15.2948103080505,0.388515869244699,0.702989041651978,"sppb_score",0.999145803413394
"C10orf54",0.0517797128152962,0.144451178620161,18.8547130369264,0.358458223116701,0.723982625881739,"sppb_score",0.999145803413394
"TGFB1",0.0445118406833312,0.129754643744336,16.1759760321724,0.343046224773548,0.73598136147489,"sppb_score",0.999145803413394
"CD276",-0.0384298589471717,0.114771431071853,13.1253850556664,-0.334838196128379,0.743037839818959,"sppb_score",0.999145803413394
"CD3D",-0.0362529310635604,0.11110269105312,11.7697294173052,-0.326301106840224,0.749925429632295,"sppb_score",0.999145803413394
"ITCH",-0.0486511477968025,0.15270769545389,20.4049147672564,-0.318590020314286,0.753275473153048,"sppb_score",0.999145803413394
"CD274",0.0361896638358268,0.119434773154527,12.5371365997765,0.303007766331199,0.766853077049892,"sppb_score",0.999145803413394
"CD3E",0.0295401380511669,0.111489851599116,11.8071746385623,0.26495808925627,0.79561061285786,"sppb_score",0.999145803413394
"IFNG",-0.0355802497918613,0.149885920894431,19.4861386863219,-0.23738220094015,0.814838239189885,"sppb_score",0.999145803413394
"YWHAZ",0.0311061405443137,0.130705127153249,15.0761784839272,0.237987148796714,0.81509524864726,"sppb_score",0.999145803413394
"NEG_A",0.0265058741800428,0.11980307038346,13.2606926694654,0.221245366209764,0.828271817463363,"sppb_score",0.999145803413394
"HAVCR2",-0.0274182281771879,0.1283112152971,13.4042788832169,-0.213685359566597,0.834008478041614,"sppb_score",0.999145803413394
"TIGIT",0.0246431420419272,0.116813368725954,12.3654472623857,0.210961658846946,0.83635389445333,"sppb_score",0.999145803413394
"NEG_D",-0.0177903191196218,0.0844153531767402,9.16751419562449,-0.210747434561747,0.837694390487504,"sppb_score",0.999145803413394
"KIR.Activating.Subgroup.1",0.021503484383325,0.108482728632472,10.0350817077073,0.198220349491544,0.846830667515456,"sppb_score",0.999145803413394
"POS_C",-0.0230360630950436,0.118608841053309,13.6413126266086,-0.194218768942275,0.848867109049777,"sppb_score",0.999145803413394
"CCR4",-0.028779705562501,0.149366328084366,17.8698709783005,-0.192678670832997,0.849383464901581,"sppb_score",0.999145803413394
"CD160",0.0362272962788416,0.191956639029596,30.1833652521581,0.188726456464244,0.851570465817572,"sppb_score",0.999145803413394
"B3GAT1",-0.0335897272287009,0.180100930138252,28.8531648918599,-0.186505018063573,0.853353898282994,"sppb_score",0.999145803413394
"CTLA4",0.0204714950070613,0.112730342260779,10.6507958943946,0.181597026998326,0.859308698171695,"sppb_score",0.999145803413394
"PDCD1",-0.0207649239646732,0.117327693048228,12.4854571115535,-0.176982291436837,0.862360958907162,"sppb_score",0.999145803413394
"KIR_Inhibiting_Subgroup_1",-0.0183349391177376,0.11387673791607,11.6521759994591,-0.161006887387755,0.874845714825772,"sppb_score",0.999145803413394
"Tcell.Senescence",0.0212114078701188,0.135854790142703,15.0520013538559,0.156132940530386,0.878003019173096,"sppb_score",0.999145803413394
"NEG_B",0.0166881457009627,0.107547054925494,11.2758551018682,0.155170643329321,0.879429681218808,"sppb_score",0.999145803413394
"TBX21",0.0245272387253355,0.168222312783227,20.3958314468031,0.145802529519027,0.885508657726887,"sppb_score",0.999145803413394
"PVRIG",0.0201181155066572,0.145043022683715,20.3658140740802,0.13870446943544,0.891046064447758,"sppb_score",0.999145803413394
"CD127",-0.0154369293111381,0.134232885146267,15.3264180578847,-0.115001098980457,0.909937405167867,"sppb_score",0.999145803413394
"TNFRSF14",0.0149905382938403,0.13804979660456,20.452657108938,0.108587905687252,0.914587630310272,"sppb_score",0.999145803413394
"SPI1",-0.00995856318847652,0.0921985697836912,9.13114384244055,-0.108012122225328,0.916322296516491,"sppb_score",0.999145803413394
"POS_B",-0.00924798752277358,0.108225416988368,12.0615930620223,-0.0854511609206137,0.933304778972497,"sppb_score",0.999145803413394
"BCL6",-0.00740717140425873,0.0946156535238396,9.48928444477582,-0.0782869549423173,0.93922589040713,"sppb_score",0.999145803413394
"POS_D",0.00849712122422835,0.122742822134961,15.2365749255538,0.0692270315805955,0.945709290660583,"sppb_score",0.999145803413394
"PTPRC_3",0.00957684976588124,0.148198813574897,18.7584285988838,0.0646216358610813,0.949158953027892,"sppb_score",0.999145803413394
"NECTIN2",-0.00671104421292252,0.105958710129556,10.4434005786742,-0.063336409104234,0.9506945650509,"sppb_score",0.999145803413394
"CCR6",-0.00892361661851503,0.159212557383782,17.7224006775201,-0.0560484472151568,0.955930270251743,"sppb_score",0.999145803413394
"LAG3",0.00895744149229774,0.170444055373699,20.5619034502675,0.0525535576624163,0.958594851704063,"sppb_score",0.999145803413394
"KIR_Activating_Subgroup_2",-0.00420432032954364,0.114424772702267,11.8369054525271,-0.0367430953127892,0.971302227282637,"sppb_score",0.999145803413394
"RORA",0.00523165219532804,0.149121640935037,19.6739279585465,0.035083118469754,0.972366979648286,"sppb_score",0.999145803413394
"NEG_G",-0.00241462759418871,0.130910585881449,17.9575540937918,-0.01844486126107,0.985487359190109,"sppb_score",0.999145803413394
"EGR1",-0.000864575403096651,0.0890353202602253,8.92913804115785,-0.00971047670261351,0.992465774786066,"sppb_score",0.999145803413394
"CD96",-0.387368430674635,0.192138642430987,20.6275740302333,-2.01608810062125,0.0570008363100249,"blessed_score",0.977133978113962
"RORA",-0.383511014122046,0.191397825688848,22.518003059887,-2.00373756985888,0.0572742324955561,"blessed_score",0.977133978113962
"GZMB",0.307656085658375,0.155611645691783,8.60720422852541,1.97707622903586,0.0808897406592526,"blessed_score",0.977133978113962
"GRAIL",0.374954491895123,0.208526555127575,24.9935898885054,1.79811387410936,0.0842500462104338,"blessed_score",0.977133978113962
"IL6",0.293099734693886,0.165689582057856,13.4957792707435,1.76896900247802,0.099480911276095,"blessed_score",0.977133978113962
"CD86",0.406197892784047,0.237917695103256,22.9794163522432,1.70730425329549,0.101243690229002,"blessed_score",0.977133978113962
"EOMES",-0.306811509018185,0.193569721938153,24.9896084305342,-1.58501808002913,0.125536876878595,"blessed_score",0.977133978113962
"RORC",-0.308437077101131,0.19816144736372,24.9924931943575,-1.5564938649999,0.132164476006335,"blessed_score",0.977133978113962
"PTPRC_3",-0.285195314672989,0.184917167535077,24.0197992933524,-1.54228684375067,0.136076896333507,"blessed_score",0.977133978113962
"ADORA2A",-0.263162633068045,0.169538174822436,18.1866213787844,-1.55223231194783,0.137834899292711,"blessed_score",0.977133978113962
"SPI1",0.325679102872156,0.221493557267794,17.8823495111866,1.47037731882376,0.15883620674679,"blessed_score",0.977133978113962
"TNF",-0.29371592571743,0.215240214951961,24.6197973912242,-1.3645959505429,0.18472368396034,"blessed_score",0.977133978113962
"KLRG1",-0.290103356095319,0.213872496069116,23.6564875630592,-1.35643133842496,0.187767312367316,"blessed_score",0.977133978113962
"YWHAZ",-0.249416709110063,0.189827221512938,24.6657869745954,-1.31391434338127,0.200964641471294,"blessed_score",0.977133978113962
"AHR",0.232083607985992,0.176454298825228,19.1109970651991,1.3152618526787,0.20398500856439,"blessed_score",0.977133978113962
"EGR1",0.262165898330915,0.203644548555684,23.2074650567772,1.28737007786501,0.210656768668964,"blessed_score",0.977133978113962
"ITCH",-0.279432500436978,0.21840615307781,24.9827486429172,-1.27941679526505,0.212505694039682,"blessed_score",0.977133978113962
"PGK1",0.230324998043702,0.183181387852626,15.6149145566848,1.25736026319991,0.227104393863427,"blessed_score",0.977133978113962
"Tcell.Senescence",-0.261225504022695,0.212014781394826,23.7616882174906,-1.23210986660513,0.229961639366428,"blessed_score",0.977133978113962
"CD8A",-0.23397473398893,0.192735196738539,23.6483663776661,-1.21396993360967,0.236744090760666,"blessed_score",0.977133978113962
"TGFB1",-0.228825185551563,0.189074108457835,24.8667354948767,-1.21024072210602,0.23756540817857,"blessed_score",0.977133978113962
"NEG_C",-0.221415187448757,0.183034410888744,24.9269687276758,-1.20969158954128,0.237745203994606,"blessed_score",0.977133978113962
"CCR4",0.225297285968997,0.186804158532789,24.8798647911659,1.2060614053699,0.239138162700333,"blessed_score",0.977133978113962
"PVR",0.214739164950751,0.182778699226318,22.2395874317807,1.17485880936738,0.252477505967385,"blessed_score",0.977133978113962
"CD80",0.216796623087954,0.190556706898445,24.0720550858575,1.13770135208882,0.266442922072917,"blessed_score",0.977133978113962
"FOXO1",-0.201804629425264,0.182427822437563,21.5535996550518,-1.10621629271671,0.280827565520159,"blessed_score",0.977133978113962
"CD160",-0.221466754501689,0.199119613377635,17.6934831740411,-1.11222973339986,0.280923661703662,"blessed_score",0.977133978113962
"RUNX3",-0.222846251199989,0.205446460911051,24.8382445920535,-1.0846925773838,0.2884743694821,"blessed_score",0.977133978113962
"NEG_B",-0.242665381449508,0.228975786857678,19.759234018494,-1.05978621049718,0.302025505262329,"blessed_score",0.977133978113962
"CD28",-0.197816144473321,0.187463139416353,23.3633970332772,-1.05522688401145,0.302112106202891,"blessed_score",0.977133978113962
"PDCD1LG2",-0.181338092036482,0.172465259056518,22.4344130047665,-1.05144707420209,0.304247731330022,"blessed_score",0.977133978113962
"CXCR3",-0.184362534275568,0.177527657626788,23.1651217280254,-1.0385003482846,0.30975616083521,"blessed_score",0.977133978113962
"HAVCR2",0.184773130103212,0.180317617368073,16.2405483159268,1.02470924804893,0.320522228624667,"blessed_score",0.977133978113962
"CD3E",-0.198491734766763,0.199161143441453,24.4426792352155,-0.996638859050901,0.328704653718924,"blessed_score",0.977133978113962
"LAG3",-0.196300332371801,0.199480229145559,21.3506154918789,-0.98405908802402,0.336107369732591,"blessed_score",0.977133978113962
"C10orf54",0.186523740821823,0.196070365778908,23.0386921005284,0.951310209887352,0.351321232007442,"blessed_score",0.977133978113962
"IL.10",0.169556315050353,0.184328640863469,22.9663945011021,0.919858760180098,0.367207892948573,"blessed_score",0.977133978113962
"IL.21",0.224730639378744,0.253364154051419,24.9976685052688,0.886986717675682,0.383540525630863,"blessed_score",0.977133978113962
"CD244",0.170574761342602,0.19342918352201,24.5409850226456,0.881846049477807,0.386416057617303,"blessed_score",0.977133978113962
"CDKN1B",-0.230436373331112,0.282396481674863,20.0987840948283,-0.816002989712968,0.424064316165922,"blessed_score",0.999145803413394
"UBC",-0.138006655805188,0.172102846472202,18.1564814565243,-0.801884795249329,0.432990079921561,"blessed_score",0.999145803413394
"IFNG",-0.144941023793885,0.19053478882545,24.6320132434268,-0.760706350201832,0.454053409349031,"blessed_score",0.999145803413394
"IL2RA",0.16014425089985,0.215709440300545,24.3153365145611,0.742407243172684,0.464952689821841,"blessed_score",0.999145803413394
"KIR.Activating.Subgroup.1",-0.131191185057409,0.178623019841882,22.8366252902272,-0.734458443114107,0.470144342935655,"blessed_score",0.999145803413394
"SPN",-0.129467211747253,0.179180416638078,24.1897208425373,-0.722552241904653,0.476883202618529,"blessed_score",0.999145803413394
"CD200R1",0.114153746058054,0.178403822148566,22.1157739330164,0.639861549395461,0.528836161138423,"blessed_score",0.999145803413394
"VTCN1",0.16783566084901,0.263882931217771,24.9976250867783,0.636023179197227,0.530542009944705,"blessed_score",0.999145803413394
"ZBTB7B",-0.118856570253486,0.201531054522318,21.8818339244445,-0.589768016324866,0.561387285389333,"blessed_score",0.999145803413394
"POS_B",0.101948362870142,0.178793371789845,16.4931823479477,0.570202138085821,0.576226555062999,"blessed_score",0.999145803413394
"NECTIN2",0.0919832924485338,0.169738526698393,14.1521576467966,0.541911693460013,0.596309086982347,"blessed_score",0.999145803413394
"NEG_G",-0.100736646895465,0.18864146321126,24.7923376076068,-0.534011161600511,0.598089979507676,"blessed_score",0.999145803413394
"B3GAT1",0.111187205032896,0.216541399577849,24.9917502400243,0.513468580371498,0.612133378524284,"blessed_score",0.999145803413394
"CD4",-0.0967573828508582,0.189355878201568,24.9962165412702,-0.510981669910773,0.613847772257731,"blessed_score",0.999145803413394
"IL.2",-0.0945020332597415,0.18668530711313,24.1757481214749,-0.506210342533672,0.617294283887952,"blessed_score",0.999145803413394
"TIGIT",-0.0917732870696321,0.193692373793904,24.6482754167086,-0.473809501489626,0.63980582503603,"blessed_score",0.999145803413394
"PDCD1",0.0943930526048938,0.199399640356818,13.6663893828459,0.473386273094481,0.643410221094533,"blessed_score",0.999145803413394
"HPRT1",0.0782187272665239,0.180841214153015,23.6093514769862,0.432527107456494,0.66928360259202,"blessed_score",0.999145803413394
"CDKN2A..p16.",0.0800847023789699,0.19291745918822,24.9812098213836,0.415124181688685,0.681594782172009,"blessed_score",0.999145803413394
"NEG_F",0.0688001476722877,0.167258214644865,9.59962218169656,0.411340918700881,0.689854967753713,"blessed_score",0.999145803413394
"POS_C",0.0730413561821185,0.181599055795003,17.7176994981004,0.402212202383755,0.692338707510468,"blessed_score",0.999145803413394
"PVRIG",0.0794833607582482,0.205394609137389,19.3687331273433,0.386978806756713,0.702990965590017,"blessed_score",0.999145803413394
"BTLA",-0.0689872936010087,0.186648984033832,16.8274419583309,-0.369609799689583,0.716283503416949,"blessed_score",0.999145803413394
"CD276",0.0666849026124275,0.181636549100274,24.0520518540896,0.36713372359664,0.716729761778715,"blessed_score",0.999145803413394
"KIR_Inhibiting_Subgroup_2",-0.0615740984524647,0.173384606071875,15.6519231142742,-0.355130134372711,0.727232321442685,"blessed_score",0.999145803413394
"POS_E",-0.061676265794273,0.175613148604535,15.023161087406,-0.351205284367187,0.730311160890755,"blessed_score",0.999145803413394
"POS_A",0.0620762893072893,0.181101412087812,18.8762746065086,0.34277087401831,0.735558403113373,"blessed_score",0.999145803413394
"BCL6",0.0561225707623564,0.162284993389666,8.33148025633174,0.345827236333548,0.738043475674474,"blessed_score",0.999145803413394
"CD127",0.0737423377201482,0.218850200434942,24.3683503305068,0.336953484957259,0.739036844676985,"blessed_score",0.999145803413394
"FOXP3",-0.0645464809930692,0.203629625591023,24.965170662591,-0.316979814728465,0.753894535125954,"blessed_score",0.999145803413394
"NEG_D",-0.0506359322669874,0.164961211970461,8.88993997638046,-0.306956597021454,0.765944694365248,"blessed_score",0.999145803413394
"CTLA4",-0.0685433763870563,0.229433906263791,24.7873761191052,-0.298749986448161,0.767621109199898,"blessed_score",0.999145803413394
"GUSB",0.0514828250916127,0.186853293850861,10.7591944316774,0.275525381600735,0.788132252599188,"blessed_score",0.999145803413394
"TNFRSF18",-0.0534637732335577,0.201946794480368,20.9246896448088,-0.26474187605268,0.793798647599608,"blessed_score",0.999145803413394
"NEG_H",0.0400363814349821,0.17244225197136,19.7329835946275,0.232172689565847,0.818794767737147,"blessed_score",0.999145803413394
"CEACAM1",0.0389795680995372,0.18315141971016,17.5108511938112,0.212827004896948,0.833919868256453,"blessed_score",0.999145803413394
"NEG_E",0.0412860167767493,0.199466792127056,20.969167498078,0.206981905792373,0.838020724743814,"blessed_score",0.999145803413394
"IL.4",-0.039138459804957,0.189765573579545,22.572891790207,-0.20624636527421,0.838447397108066,"blessed_score",0.999145803413394
"KIR_Activating_Subgroup_2",0.0360535100778419,0.175703557693458,19.0959386917846,0.205195105615009,0.839591174615958,"blessed_score",0.999145803413394
"GATA3",0.0349012492767322,0.194007570885995,24.5435689654218,0.179896326299767,0.858710996396271,"blessed_score",0.999145803413394
"POS_F",-0.035859537046192,0.208627133251243,17.8852278982133,-0.171883381070129,0.865459107551797,"blessed_score",0.999145803413394
"PTPRC_2",0.0385871790737147,0.22768114701585,23.0600384482156,0.169479026170878,0.866897835251938,"blessed_score",0.999145803413394
"PTPRC_1",0.0261931162051709,0.194650942027783,24.5508255007237,0.13456454889097,0.894053285390545,"blessed_score",0.999145803413394
"CDKN2A..ARF.",0.023175042407235,0.187989730373265,21.92730824506,0.123278236322907,0.903009786255878,"blessed_score",0.999145803413394
"KIR_Inhibiting_Subgroup_1",0.0233126622415848,0.189378994537174,19.6411958346635,0.123100570359236,0.903278408374055,"blessed_score",0.999145803413394
"IL.17A",-0.0266292038374867,0.24051989230031,24.7482287099163,-0.110715182776806,0.912735194577054,"blessed_score",0.999145803413394
"TNFRSF14",0.017725817543975,0.184261254077908,24.99998675542,0.0961993753525653,0.92412924559972,"blessed_score",0.999145803413394
"CD3D",0.0163999949920888,0.184048896507074,16.2946523748262,0.0891067281756748,0.93008312275252,"blessed_score",0.999145803413394
"POS_D",-0.0147153387445892,0.178860095930512,22.1920849328455,-0.0822728997657817,0.935167265986188,"blessed_score",0.999145803413394
"TBX21",-0.0185162825774559,0.245656506395535,21.0694472493174,-0.0753746882146185,0.940627703549838,"blessed_score",0.999145803413394
"PRDM1",0.0120069797997333,0.216887031920031,20.4084372381271,0.0553605242943269,0.956389637515503,"blessed_score",0.999145803413394
"CD27",0.00386532070691067,0.180980772308602,18.4487822488918,0.0213576318500821,0.983189675906891,"blessed_score",0.999145803413394
"CD274",-0.00367160227043545,0.190648834444161,19.771611083711,-0.0192584564240325,0.984827949537445,"blessed_score",0.999145803413394
"CCR6",-0.00195879562519089,0.198802852308929,21.7747886972841,-0.00985295533962976,0.992228322566998,"blessed_score",0.999145803413394
"NEG_A",0.000197303832257918,0.18238537679555,23.973199839102,0.00108179633545452,0.999145803413394,"blessed_score",0.999145803413394
"SPN",-0.159020009475105,0.0320776795594417,4.19949498806325,-4.95734141805463,0.00680059456378898,"iadl_score",0.852341185328219
"LAG3",-0.19292141056157,0.0536239452999068,4.34206687059127,-3.59767282102432,0.0198358519762665,"iadl_score",0.977133978113962
"NEG_E",-0.303271845685775,0.100915107052245,6.21331712438609,-3.00521749958377,0.0228500457766777,"iadl_score",0.977133978113962
"CD8A",-0.188167844155198,0.054662887334968,4.28006024286953,-3.44233269278526,0.0235622174631156,"iadl_score",0.977133978113962
"TBX21",-0.175822313390908,0.0567009329989039,4.21047588315958,-3.10087160989585,0.0337755301538283,"iadl_score",0.977133978113962
"PVRIG",-0.353003439618485,0.133260651893155,6.31382845364643,-2.64896977917768,0.0362894353076473,"iadl_score",0.977133978113962
"ZBTB7B",-0.1497866464114,0.0549927547035347,4.51275512091569,-2.72375237827053,0.0463571153930735,"iadl_score",0.977133978113962
"ITCH",-0.182930859185842,0.0770616266366212,4.98832451427613,-2.37382556234427,0.0637693395927613,"iadl_score",0.977133978113962
"TGFB1",-0.130705900913348,0.0534780988805254,4.38332257741448,-2.44410148545773,0.0653799046922845,"iadl_score",0.977133978113962
"EOMES",-0.170371174137298,0.0721419001854772,4.86353005011545,-2.36161195781193,0.0660595027417101,"iadl_score",0.977133978113962
"NEG_H",0.105773578195218,0.04646111546405,4.18138974382543,2.27660436342864,0.0822199763362069,"iadl_score",0.977133978113962
"FOXP3",-0.151978504364467,0.0829475780629353,5.45655618843878,-1.83222353097706,0.121509665756665,"iadl_score",0.977133978113962
"UBC",0.106248707676074,0.0560274550263145,4.36906489209839,1.89636862188675,0.124739135698383,"iadl_score",0.977133978113962
"ADORA2A",-0.121338498555298,0.061855358231486,3.77397194654822,-1.96164895046284,0.125559074965242,"iadl_score",0.977133978113962
"CXCR3",-0.100396704918806,0.0570701371121619,4.48088746517375,-1.75918107085484,0.145624998056714,"iadl_score",0.977133978113962
"C10orf54",-0.192716717020731,0.124021682759982,9.62287942294871,-1.55389535710214,0.152450484697693,"iadl_score",0.977133978113962
"RORA",0.16321735284759,0.112108531423461,6.90700923818966,1.45588699428306,0.189323156321739,"iadl_score",0.977133978113962
"RUNX3",-0.108091436245806,0.0714756589970222,4.66721104701617,-1.51228317111856,0.194940954676106,"iadl_score",0.977133978113962
"TNFRSF14",-0.119899195116829,0.083164737089952,5.84690398669067,-1.44170713829281,0.200724030129,"iadl_score",0.977133978113962
"TIGIT",-0.110009059498063,0.0774889612391333,4.85931954987747,-1.41967394760361,0.216549286779441,"iadl_score",0.977133978113962
"CTLA4",0.134813936575517,0.0971817976709499,5.62826056392377,1.38723443902516,0.217802185809104,"iadl_score",0.977133978113962
"CD3E",-0.121627409930025,0.0884076372475149,4.95288283500541,-1.3757568205279,0.227852671392077,"iadl_score",0.977133978113962
"CD127",-0.157740718068877,0.122684605389138,7.49401328517686,-1.28574174052682,0.236835824962894,"iadl_score",0.977133978113962
"CD4",-0.128563775051597,0.0984898248691215,5.70987248316329,-1.30535083418454,0.241900567307511,"iadl_score",0.977133978113962
"GATA3",-0.129977143803848,0.103101838890508,7.49111072362401,-1.26066756134079,0.245274393477271,"iadl_score",0.977133978113962
"PTPRC_2",-0.146450125027244,0.115663499008417,5.88819391047214,-1.26617408502044,0.253235483289065,"iadl_score",0.977133978113962
"NEG_B",-0.243926478389004,0.209483558202199,22.4084836102195,-1.16441825068467,0.25650216495004,"iadl_score",0.977133978113962
"PTPRC_3",-0.0990087525127089,0.077448520925011,4.9605990807793,-1.27838145041625,0.257659269521694,"iadl_score",0.977133978113962
"FOXO1",-0.0950051670323644,0.0767081329807747,4.86494813309522,-1.23852795447616,0.271928440910631,"iadl_score",0.977133978113962
"HPRT1",0.0833059898726591,0.0713718742620659,5.11789492408733,1.16721034348591,0.294613224335515,"iadl_score",0.977133978113962
"CCR6",-0.130313761928518,0.116834818092977,8.44660229987819,-1.11536752532806,0.295418548848777,"iadl_score",0.977133978113962
"CD244",0.128553988508086,0.12200770121112,11.1127385139636,1.05365470566189,0.314411830142704,"iadl_score",0.977133978113962
"TNF",-0.112074498031364,0.10210530502178,5.59045310438958,-1.09763638635091,0.317375440809009,"iadl_score",0.977133978113962
"KIR_Activating_Subgroup_2",-0.0595303373831036,0.0557151123347455,4.18942866549015,-1.06847738232018,0.342963900674825,"iadl_score",0.977133978113962
"RORC",-0.101868819072431,0.0998548277749394,6.05114392298027,-1.02016919304123,0.34668953675367,"iadl_score",0.977133978113962
"GUSB",-0.0556953002153543,0.056104868695054,4.41788265574138,-0.992699947629753,0.372067965337862,"iadl_score",0.977133978113962
"B3GAT1",-0.106102659863216,0.11068061365619,6.43097937783308,-0.958638160362983,0.37238192425303,"iadl_score",0.977133978113962
"PGK1",-0.0707228556603979,0.0717787990811427,4.58449346281757,-0.985288923271744,0.373583907270072,"iadl_score",0.977133978113962
"NEG_C",0.0643206968718854,0.0670948310382345,5.50111836046847,0.958653533760771,0.37794702040606,"iadl_score",0.977133978113962
"IL2RA",-0.106309048946083,0.11325778631569,6.91654848833103,-0.938646713875913,0.379524605302652,"iadl_score",0.977133978113962
"CD27",-0.0653332929764651,0.0675765307402178,4.37940706311979,-0.966804484646063,0.383946461530302,"iadl_score",0.977133978113962
"IFNG",0.0779411195403239,0.0823766287880799,5.03668645133382,0.946155732359882,0.387215326433458,"iadl_score",0.977133978113962
"KIR.Activating.Subgroup.1",-0.0453620735807043,0.0489602250368735,4.13782857943004,-0.926508682232173,0.404990154034915,"iadl_score",0.994788689598444
"IL.10",0.11079852327045,0.128678237324076,10.3603035790523,0.861050987133155,0.408695575455417,"iadl_score",0.994788689598444
"NEG_F",0.0390800947098594,0.0451904751163171,4.12769329966536,0.864786099488222,0.434522991798286,"iadl_score",0.999145803413394
"GZMB",-0.0520848471230318,0.0607914004611873,4.38458393364762,-0.856779852543218,0.435878188676253,"iadl_score",0.999145803413394
"IL.2",0.0947684863261941,0.121292771027908,9.84901886346942,0.781320152248719,0.452985830274649,"iadl_score",0.999145803413394
"CD276",0.0620251038908369,0.0850117379757102,6.1695446062733,0.729606350461378,0.492391286927503,"iadl_score",0.999145803413394
"PTPRC_1",0.0592448525192317,0.0808108523408499,4.76641289078334,0.733129905242732,0.497922736883649,"iadl_score",0.999145803413394
"KLRG1",-0.10770750071724,0.153244080541625,10.1161990476117,-0.702849339018895,0.498004596394792,"iadl_score",0.999145803413394
"PDCD1",-0.0489010441835157,0.0734331138527183,4.63930384357196,-0.665926332384521,0.537125544674016,"iadl_score",0.999145803413394
"KIR_Inhibiting_Subgroup_1",-0.0443737921966081,0.0682646870531591,4.65554094733141,-0.650025571230603,0.546374648941067,"iadl_score",0.999145803413394
"YWHAZ",-0.0505955269911115,0.0853161185248719,5.32725649434469,-0.593035968652999,0.57744054845887,"iadl_score",0.999145803413394
"CDKN2A..p16.",0.0474962900270235,0.0863975849873392,5.13755990354315,0.549740945119979,0.60554211770996,"iadl_score",0.999145803413394
"NEG_D",-0.0243367815803225,0.0444330639498173,4.10831669894674,-0.54771783480447,0.612286736995758,"iadl_score",0.999145803413394
"CD86",0.0903497811708513,0.183307121393794,14.8971505571184,0.492887458402422,0.629277848186798,"iadl_score",0.999145803413394
"CD3D",-0.0315475193647823,0.0670715653728517,4.84888785828747,-0.470356091876032,0.658494584843721,"iadl_score",0.999145803413394
"IL.4",0.0350396556422069,0.0770418750839718,4.73175802670724,0.454813120838706,0.669344458071645,"iadl_score",0.999145803413394
"KIR_Inhibiting_Subgroup_2",-0.0229990846083302,0.0552064230305403,4.37379172463474,-0.416601608034034,0.696612156833204,"iadl_score",0.999145803413394
"POS_F",-0.0345625279482201,0.0851831010628838,5.27620842675362,-0.405743950583642,0.700864646336017,"iadl_score",0.999145803413394
"CD96",-0.036448634352766,0.0899914246643546,4.94364052964341,-0.405023417383493,0.702390610491009,"iadl_score",0.999145803413394
"TNFRSF18",-0.0400872595919919,0.100188824277994,5.7771247138357,-0.400117077736751,0.703443676852015,"iadl_score",0.999145803413394
"IL.17A",0.0432438928721356,0.11470469881482,5.60986830398778,0.377001930338954,0.720018271761163,"iadl_score",0.999145803413394
"IL.21",0.0404591181446584,0.131849149718993,7.88934980614736,0.306859151013776,0.766893399691697,"iadl_score",0.999145803413394
"PDCD1LG2",0.0218676541386144,0.0710778101487667,4.65353632505448,0.307657960942314,0.771631170756355,"iadl_score",0.999145803413394
"CD28",0.0218052569338693,0.0814050033417216,5.09358794334303,0.267861384911875,0.799315542037729,"iadl_score",0.999145803413394
"NEG_A",-0.0192185545687675,0.0800581192458597,5.37845679402947,-0.240057532575142,0.819169416387356,"iadl_score",0.999145803413394
"POS_D",0.0152510587338688,0.0750469037940009,4.56746729229395,0.203220359040155,0.847701839145701,"iadl_score",0.999145803413394
"CDKN2A..ARF.",0.0119900649596287,0.0715733495547243,4.68582618855969,0.167521361431621,0.87394730480301,"iadl_score",0.999145803413394
"Tcell.Senescence",-0.0142622090810604,0.0896682568049521,5.00488316286306,-0.159055273173022,0.879844566611407,"iadl_score",0.999145803413394
"NEG_G",0.0152298522048886,0.0988574400194801,6.20938854517674,0.154058735507288,0.88244916395968,"iadl_score",0.999145803413394
"GRAIL",-0.018242424995102,0.120272296538789,9.4685724408363,-0.151676034465831,0.882625240246923,"iadl_score",0.999145803413394
"BCL6",-0.00757445751053328,0.0493071298546731,4.218882127447,-0.153617895279204,0.884981356464607,"iadl_score",0.999145803413394
"NECTIN2",-0.00869566047888184,0.0603980515257525,4.36299443371703,-0.143972533206211,0.89193078935653,"iadl_score",0.999145803413394
"POS_B",-0.00896867406278823,0.065883183430183,4.42357492392838,-0.13612994387699,0.897692565421668,"iadl_score",0.999145803413394
"HAVCR2",-0.00892216145820097,0.0706540257413295,4.65962074289748,-0.126279590788864,0.904776608128129,"iadl_score",0.999145803413394
"CCR4",-0.0122778633493692,0.101193108790267,6.30787385735091,-0.121331022400115,0.907202265364737,"iadl_score",0.999145803413394
"CD160",-0.0165199961932034,0.148190963495054,10.1789968144234,-0.111477756832014,0.913405126350098,"iadl_score",0.999145803413394
"PVR",0.00859779775095347,0.0827783884149839,4.91854973187385,0.103865246902985,0.92137817385006,"iadl_score",0.999145803413394
"PRDM1",-0.0159041278321446,0.159666430753831,11.4205596678697,-0.0996084634513131,0.922382223283403,"iadl_score",0.999145803413394
"SPI1",0.00980991915740008,0.0981188648486635,4.78280659910016,0.0999799495492605,0.924414888746534,"iadl_score",0.999145803413394
"AHR",0.00585313669697344,0.0755957867128393,5.38051283774755,0.0774267581764491,0.941081766445104,"iadl_score",0.999145803413394
"CDKN1B",0.00854328070035754,0.109885194545461,4.66870393158534,0.0777473319831369,0.941249942776771,"iadl_score",0.999145803413394
"CD274",-0.00561598981147767,0.0730281543228985,5.01827169776837,-0.0769017081637613,0.941673690237258,"iadl_score",0.999145803413394
"CEACAM1",-0.00545260390408311,0.0709945556512582,4.82985711529579,-0.0768031274238488,0.941859657209213,"iadl_score",0.999145803413394
"CD80",-0.00805707337185922,0.115591107382027,8.34060686783743,-0.0697032285124727,0.946072221637365,"iadl_score",0.999145803413394
"POS_E",-0.00304355014340766,0.0551232604186762,4.27392405536036,-0.0552135363599879,0.958454089968816,"iadl_score",0.999145803413394
"POS_A",0.00341578536146115,0.0705072970279139,4.41881088002967,0.0484458418553308,0.963472834876668,"iadl_score",0.999145803413394
"EGR1",0.00469392941667359,0.0987509526611752,5.58623322229396,0.047533003886848,0.963741754690781,"iadl_score",0.999145803413394
"BTLA",-0.00253879841887178,0.0670264031023766,4.13099048901378,-0.0378775870606394,0.971545443338229,"iadl_score",0.999145803413394
"VTCN1",-0.00426828659785871,0.127837350333798,9.02109939119243,-0.0333884157228988,0.97409193207087,"iadl_score",0.999145803413394
"CD200R1",-0.00220734354337692,0.0669819985017535,4.69561790176017,-0.032954280146167,0.975065505803413,"iadl_score",0.999145803413394
"IL6",-0.000244742748340133,0.0623627886696652,4.39970449475908,-0.0039244997467405,0.997040308418148,"iadl_score",0.999145803413394
"POS_C",-0.000268240415099871,0.0692131538524136,4.40209830186771,-0.00387556989054209,0.99707712083275,"iadl_score",0.999145803413394
"CDKN1B",0.325310465893176,0.0924891873891243,14.5412119752498,3.5172810473998,0.00324389371348136,"promis_score",0.852341185328219
"ITCH",0.337859212259458,0.109792095472917,18.3421171395491,3.07726353891114,0.00638968609981009,"promis_score",0.852341185328219
"PVR",0.263452632847298,0.0933223159905004,13.465929688504,2.82304002050395,0.0139767324004235,"promis_score",0.977133978113962
"CEACAM1",0.226090302072484,0.091625804725222,14.0128374557069,2.46753960579675,0.0270989590182504,"promis_score",0.977133978113962
"GUSB",0.183235835216115,0.071970364257103,10.7034659854366,2.54599010450376,0.0277042909254039,"promis_score",0.977133978113962
"IL.17A",0.230141112565727,0.100470473460695,13.2224897126351,2.29063429919798,0.0390250843396217,"promis_score",0.977133978113962
"PVRIG",0.255598561697773,0.116823148824427,21.9823669198519,2.18791022387105,0.0395957281787991,"promis_score",0.977133978113962
"NEG_D",-0.149617892306782,0.0655077947843052,10.8031056089281,-2.28397082819568,0.0436408575236281,"promis_score",0.977133978113962
"NEG_A",-0.192491672998973,0.0881230364580559,11.3961591704426,-2.18435134257537,0.0506512501772067,"promis_score",0.977133978113962
"CCR4",-0.240164654403189,0.126959795124984,22.6883365063138,-1.89165912064336,0.0713699029042902,"promis_score",0.977133978113962
"VTCN1",0.245096951944813,0.130484814131923,24.244953533608,1.87835614109864,0.0724101372102355,"promis_score",0.977133978113962
"PTPRC_1",-0.224754820508791,0.121808705549781,18.4969717661591,-1.84514579228442,0.0810888861845676,"promis_score",0.977133978113962
"CD80",0.206335192692128,0.113280945195825,17.6459211616461,1.82144660194567,0.0855367084128469,"promis_score",0.977133978113962
"RORC",0.202025777789294,0.11517393378587,15.8797637625462,1.75409288498296,0.0986891005402375,"promis_score",0.977133978113962
"AHR",0.175285612976552,0.10172028365175,13.9179874227261,1.72321199552157,0.106982913078614,"promis_score",0.977133978113962
"C10orf54",0.198329325452728,0.119726441224107,20.3292500819228,1.65652067684439,0.112970922408049,"promis_score",0.977133978113962
"GRAIL",0.186553975111467,0.114524294776609,19.8162722998202,1.62894672676534,0.119118820761715,"promis_score",0.977133978113962
"YWHAZ",-0.177567292553117,0.11240767957488,18.2994303748358,-1.57967225393022,0.131311885230113,"promis_score",0.977133978113962
"CCR6",0.198161349892037,0.131020443313482,20.5753591507258,1.51244603422622,0.145629172953801,"promis_score",0.977133978113962
"CXCR3",-0.162368241674847,0.108080886964035,14.4626951765408,-1.50228450409438,0.154540903016484,"promis_score",0.977133978113962
"BCL6",0.12179704657865,0.0799961920842698,11.4189664221517,1.52253555332166,0.155075674178367,"promis_score",0.977133978113962
"HAVCR2",0.165004682599561,0.110806526172554,15.8186795122726,1.48912422669588,0.156120579052873,"promis_score",0.977133978113962
"FOXO1",0.13990340270017,0.0936703938143004,13.2316929666705,1.49357120220425,0.158746870348017,"promis_score",0.977133978113962
"NECTIN2",0.123575564051143,0.0933676668222069,13.3453660818546,1.3235370257935,0.20788347759346,"promis_score",0.977133978113962
"CD200R1",-0.141030217090153,0.108696666362159,17.3131631733854,-1.29746589118257,0.211493654396316,"promis_score",0.977133978113962
"IL.2",0.172667009806932,0.138802934832601,28.0925544368301,1.24397232677516,0.22378992686271,"promis_score",0.977133978113962
"IL.10",0.150529553155536,0.120274861063678,17.4665879547432,1.2515462651488,0.227238047309805,"promis_score",0.977133978113962
"CD160",-0.2010536309847,0.164233178850871,28.8339525283091,-1.22419618490891,0.230787061898065,"promis_score",0.977133978113962
"CD3D",-0.118137893700285,0.0945559737590248,14.0453036644571,-1.24939640515319,0.23194074730737,"promis_score",0.977133978113962
"KIR_Inhibiting_Subgroup_1",0.120760004356203,0.0988577556533014,14.1236030987779,1.2215531655373,0.24187515305011,"promis_score",0.977133978113962
"B3GAT1",0.18527231787536,0.155681259847318,28.964062736226,1.19007463105748,0.243680575637702,"promis_score",0.977133978113962
"CD274",-0.124630612904858,0.104669657081443,15.1362815682526,-1.19070432043055,0.252108806902957,"promis_score",0.977133978113962
"IL.21",0.126988277159058,0.110556414773522,17.6257687111272,1.14862875590889,0.26605904654889,"promis_score",0.977133978113962
"TNFRSF18",-0.151036205769997,0.142545666991164,23.9558790202598,-1.05956363990608,0.299910078281616,"promis_score",0.977133978113962
"CD276",0.100848431024223,0.0975342755962103,14.2796273812395,1.03397939245208,0.31834037528928,"promis_score",0.977133978113962
"POS_A",-0.109841663883716,0.106316789041032,14.3373940183162,-1.0331544516579,0.318645160418872,"promis_score",0.977133978113962
"TNF",-0.121322379895176,0.119777875699819,16.8500352641348,-1.01289473691475,0.325435067230259,"promis_score",0.977133978113962
"EGR1",0.0833062424263358,0.0814030647616364,10.891522974244,1.02337968073158,0.328321470945755,"promis_score",0.977133978113962
"PTPRC_3",-0.127591528728435,0.127781671323233,21.0582989134843,-0.998511972860981,0.329367427962742,"promis_score",0.977133978113962
"NEG_C",-0.0972914444333786,0.0992244117994207,14.0980586266177,-0.980519235831304,0.343357687795404,"promis_score",0.977133978113962
"NEG_B",0.0950490028514827,0.0973086471032672,12.703673581534,0.976778587319311,0.346913562264092,"promis_score",0.977133978113962
"IL2RA",-0.118737667877993,0.123418256596398,19.2726539067361,-0.962075394293477,0.34792820418209,"promis_score",0.977133978113962
"CD8A",-0.137498378052007,0.144930148877032,26.5086189384372,-0.948721705714031,0.351331729085198,"promis_score",0.977133978113962
"KIR.Activating.Subgroup.1",0.0880265144843324,0.0928940761577659,12.4934468408991,0.947600946424541,0.361302093536181,"promis_score",0.977133978113962
"NEG_E",-0.102760380945882,0.109513618201335,16.7104415513341,-0.938334269597068,0.361438309342084,"promis_score",0.977133978113962
"TBX21",0.125022417080881,0.146449826375186,22.6639488864387,0.853687711179588,0.402211154739598,"promis_score",0.994788689598444
"CD96",-0.087704129802971,0.103737011601733,13.8238785521827,-0.84544685111698,0.41225623972392,"promis_score",0.994788689598444
"CD86",0.0752428855807978,0.0887374032434681,11.4783867258202,0.847927512306784,0.4138105171234,"promis_score",0.994788689598444
"KIR_Inhibiting_Subgroup_2",0.0768498308660967,0.0912676937621723,12.9872527266182,0.842026654758627,0.415009972141791,"promis_score",0.994788689598444
"KIR_Activating_Subgroup_2",0.0839062718845103,0.102516016847197,14.9147650503495,0.818469878805131,0.425973155222646,"promis_score",0.999145803413394
"TIGIT",-0.0857234111579412,0.105961439213731,15.4045049056849,-0.809005726932713,0.430830424336364,"promis_score",0.999145803413394
"BTLA",-0.0742910331371687,0.100987505041863,13.3193339500919,-0.7356457920846,0.474702395361277,"promis_score",0.999145803413394
"POS_B",-0.0704516351220902,0.099824419626013,13.6729321033555,-0.705755519401301,0.492190547446685,"promis_score",0.999145803413394
"TGFB1",0.0796755467764999,0.11523764245491,19.0128124744244,0.691402089448987,0.497669233999393,"promis_score",0.999145803413394
"SPI1",0.0593060072573381,0.0851730669287192,11.3144351742094,0.696300008862789,0.500295230587404,"promis_score",0.999145803413394
"HPRT1",-0.0749470691836695,0.111731301892701,18.9125353322305,-0.670779521173427,0.510470503661111,"promis_score",0.999145803413394
"LAG3",-0.0962050917671163,0.150495143019083,24.1879678233952,-0.639257120443531,0.528663825818193,"promis_score",0.999145803413394
"NEG_F",-0.0531580721199922,0.0848701865339268,12.1488937412122,-0.626345649643909,0.542678065298892,"promis_score",0.999145803413394
"CD28",-0.0614248789426837,0.101532660404016,14.4289634912135,-0.604976553340211,0.554590414693984,"promis_score",0.999145803413394
"POS_F",-0.0648030719504544,0.114357591980033,17.6145540939468,-0.566670483598232,0.57808802218174,"promis_score",0.999145803413394
"PDCD1",0.0557373809853644,0.105108806565946,15.0988811955686,0.530282692824549,0.603627930002013,"promis_score",0.999145803413394
"CD4",0.0651560398186254,0.127552311590805,20.8908359060323,0.510818181231006,0.614834351153883,"promis_score",0.999145803413394
"KLRG1",-0.0821553612790855,0.162329069328102,28.8931810639737,-0.506103815041481,0.616623787342604,"promis_score",0.999145803413394
"Tcell.Senescence",-0.0603031997816168,0.121999143581218,18.6352068026033,-0.49429199264396,0.62687628415503,"promis_score",0.999145803413394
"IFNG",-0.0665358275108852,0.137975717248199,19.8135229377834,-0.482228531497295,0.634927901782065,"promis_score",0.999145803413394
"NEG_G",0.0566029265542955,0.118158133896893,20.6860262944052,0.479043843089874,0.636932489581937,"promis_score",0.999145803413394
"IL.4",-0.0462980300177811,0.100316261553338,14.5405171113428,-0.46152068768197,0.651253902030794,"promis_score",0.999145803413394
"PRDM1",0.0640532339138152,0.140049792340889,23.8552421048709,0.457360434765272,0.651550104839425,"promis_score",0.999145803413394
"CD27",-0.0433765046889843,0.0940210803011666,14.136012243938,-0.46134871616069,0.651567364513479,"promis_score",0.999145803413394
"SPN",-0.0490000814114436,0.112733598557575,17.7272415370626,-0.43465375042045,0.669058595563958,"promis_score",0.999145803413394
"GZMB",0.0461782561036085,0.109044965966114,14.0217658880605,0.423479027156179,0.678369662763,"promis_score",0.999145803413394
"POS_C",-0.0465958487237325,0.11176258868198,15.0185663875447,-0.41691812325787,0.68263636681148,"promis_score",0.999145803413394
"UBC",-0.0430076141172604,0.107082139461122,16.2381156481615,-0.401632002626123,0.693191333703413,"promis_score",0.999145803413394
"CDKN2A..ARF.",-0.0435944011411369,0.110447691894125,16.1798689977672,-0.394706312042505,0.698214031285138,"promis_score",0.999145803413394
"FOXP3",-0.0350541472511995,0.102974165623543,14.8974696769681,-0.340416909803879,0.738295363921057,"promis_score",0.999145803413394
"IL6",0.0306085725570693,0.0954492241551033,13.5853441752398,0.320679113193533,0.753333085560601,"promis_score",0.999145803413394
"CD127",0.0363513713023278,0.118949468130972,18.6494608942551,0.305603479137059,0.76329149925422,"promis_score",0.999145803413394
"RUNX3",0.038079663019789,0.134783051711612,21.7242510024222,0.282525603450989,0.780214846024865,"promis_score",0.999145803413394
"CD3E",-0.0273438041052303,0.102173919688861,14.73505878665,-0.26762019298562,0.792701392386643,"promis_score",0.999145803413394
"PGK1",0.0259363389156228,0.111881475346883,15.6958547796246,0.231819779236986,0.819673268019179,"promis_score",0.999145803413394
"NEG_H",0.0254230036242151,0.115584917254761,13.7283407501212,0.219950874456916,0.82914642585607,"promis_score",0.999145803413394
"GATA3",-0.0278126406708256,0.127442358241998,17.6724011196571,-0.218237021461991,0.829744666209655,"promis_score",0.999145803413394
"RORA",0.0253466307343249,0.132537995787538,23.0151390100607,0.191240486048666,0.850014262975701,"promis_score",0.999145803413394
"CTLA4",-0.0182160443445573,0.101461030853563,13.4848229549437,-0.179537347406298,0.860185553781369,"promis_score",0.999145803413394
"ZBTB7B",0.00939779578037624,0.109705816943959,15.3007051517996,0.085663605104704,0.932844753435955,"promis_score",0.999145803413394
"EOMES",-0.011601211850619,0.142806928832974,26.1145859197667,-0.0812370376243277,0.935872862237584,"promis_score",0.999145803413394
"ADORA2A",0.00787367663398316,0.100761716476398,13.5910425976759,0.0781415492840224,0.938854232272527,"promis_score",0.999145803413394
"TNFRSF14",0.00925414620015177,0.123319447241247,22.9683833924216,0.0750420668205568,0.940831018767541,"promis_score",0.999145803413394
"CDKN2A..p16.",0.00811187444391483,0.112945790606637,15.7562660359871,0.0718209541085647,0.943648155591333,"promis_score",0.999145803413394
"PTPRC_2",-0.00680542093777033,0.134461003173471,20.3871897904931,-0.0506125997661235,0.960126827989686,"promis_score",0.999145803413394
"CD244",0.00450173640161269,0.10244355585166,17.2529951553354,0.0439435781410327,0.965453973006732,"promis_score",0.999145803413394
"POS_D",-0.00283266427219746,0.116991823782041,15.5366795118425,-0.0242124977680047,0.980991358449374,"promis_score",0.999145803413394
"POS_E",-0.00124585468858449,0.094781543167109,13.0888000446441,-0.0131444862254239,0.989710765254758,"promis_score",0.999145803413394
"PDCD1LG2",-0.000331914156220562,0.112785123835297,17.9487723968227,-0.00294288949582806,0.997684379481936,"promis_score",0.999145803413394
